Series;Product Image;Description;Part Number;Dialectric;Capacitor Type;Construction;Capacitance;Tolerance;Voltage Bias;Voltage;Lead Pitch;Image path;Datasheet part;3d model part
MMKP 386;Enlarge;MMKP386 - Double Metalized Snubber;BFC238630125;Polypropylene;Snubber;Radial Boxed;1,2µF;10;Vdc;1000;27.5;image/capacitors\28163.png;Datasheet\capacitors\MMKP 386\MMKP 386.pdf;
MMKP 386;Enlarge;MMKP386 - Double Metalized Snubber;BFC238633125;Polypropylene;Snubber;Radial Boxed;1,2µF;5;Vdc;1000;27.5;image/capacitors\28163.png;Datasheet\capacitors\MMKP 386\MMKP 386.pdf;
MMKP 386;Enlarge;MMKP386 - Double Metalized Snubber;BFC238631125;Polypropylene;Snubber;Radial Boxed;1,2µF;5;Vdc;1000;27.5;image/capacitors\28163.png;Datasheet\capacitors\MMKP 386\MMKP 386.pdf;
MMKP 386;Enlarge;MMKP386 - Double Metalized Snubber;BFC238632125;Polypropylene;Snubber;Radial Boxed;1,2µF;10;Vdc;1000;27.5;image/capacitors\28163.png;Datasheet\capacitors\MMKP 386\MMKP 386.pdf;
MMKP 386;Enlarge;MMKP386 - Double Metalized Snubber;BFC238623125;Polypropylene;Snubber;Radial Boxed;1,2µF;5;Vdc;630;27.5;image/capacitors\28163.png;Datasheet\capacitors\MMKP 386\MMKP 386.pdf;
MMKP 386;Enlarge;MMKP386 - Double Metalized Snubber;BFC238620125;Polypropylene;Snubber;Radial Boxed;1,2µF;10;Vdc;630;27.5;image/capacitors\28163.png;Datasheet\capacitors\MMKP 386\MMKP 386.pdf;
MMKP 386;Enlarge;MMKP386 - Double Metalized Snubber;BFC238622125;Polypropylene;Snubber;Radial Boxed;1,2µF;10;Vdc;630;27.5;image/capacitors\28163.png;Datasheet\capacitors\MMKP 386\MMKP 386.pdf;
MMKP 386;Enlarge;MMKP386 - Double Metalized Snubber;BFC238621125;Polypropylene;Snubber;Radial Boxed;1,2µF;5;Vdc;630;27.5;image/capacitors\28163.png;Datasheet\capacitors\MMKP 386\MMKP 386.pdf;
MMKP 386;Enlarge;MMKP386 - Double Metalized Snubber;BFC238602125;Polypropylene;Snubber;Radial Boxed;1,2µF;10;Vdc;850;27.5;image/capacitors\28163.png;Datasheet\capacitors\MMKP 386\MMKP 386.pdf;
MMKP 386;Enlarge;MMKP386 - Double Metalized Snubber;BFC238601125;Polypropylene;Snubber;Radial Boxed;1,2µF;5;Vdc;850;27.5;image/capacitors\28163.png;Datasheet\capacitors\MMKP 386\MMKP 386.pdf;
MMKP 386;Enlarge;MMKP386 - Double Metalized Snubber;BFC238603125;Polypropylene;Snubber;Radial Boxed;1,2µF;5;Vdc;850;27.5;image/capacitors\28163.png;Datasheet\capacitors\MMKP 386\MMKP 386.pdf;
MMKP 386;Enlarge;MMKP386 - Double Metalized Snubber;BFC238600125;Polypropylene;Snubber;Radial Boxed;1,2µF;10;Vdc;850;27.5;image/capacitors\28163.png;Datasheet\capacitors\MMKP 386\MMKP 386.pdf;
MMKP 386;Enlarge;MMKP386 - Double Metalized Snubber;BFC238630155;Polypropylene;Snubber;Radial Boxed;1,5µF;10;Vdc;1000;27.5;image/capacitors\28163.png;Datasheet\capacitors\MMKP 386\MMKP 386.pdf;
MMKP 386;Enlarge;MMKP386 - Double Metalized Snubber;BFC238631155;Polypropylene;Snubber;Radial Boxed;1,5µF;5;Vdc;1000;27.5;image/capacitors\28163.png;Datasheet\capacitors\MMKP 386\MMKP 386.pdf;
MMKP 386;Enlarge;MMKP386 - Double Metalized Snubber;BFC238633155;Polypropylene;Snubber;Radial Boxed;1,5µF;5;Vdc;1000;27.5;image/capacitors\28163.png;Datasheet\capacitors\MMKP 386\MMKP 386.pdf;
MMKP 386;Enlarge;MMKP386 - Double Metalized Snubber;BFC238632155;Polypropylene;Snubber;Radial Boxed;1,5µF;10;Vdc;1000;27.5;image/capacitors\28163.png;Datasheet\capacitors\MMKP 386\MMKP 386.pdf;
MMKP 386;Enlarge;MMKP386 - Double Metalized Snubber;BFC238622155;Polypropylene;Snubber;Radial Boxed;1,5µF;10;Vdc;630;27.5;image/capacitors\28163.png;Datasheet\capacitors\MMKP 386\MMKP 386.pdf;
MMKP 386;Enlarge;MMKP386 - Double Metalized Snubber;BFC238623155;Polypropylene;Snubber;Radial Boxed;1,5µF;5;Vdc;630;27.5;image/capacitors\28163.png;Datasheet\capacitors\MMKP 386\MMKP 386.pdf;
MMKP 386;Enlarge;MMKP386 - Double Metalized Snubber;BFC238621155;Polypropylene;Snubber;Radial Boxed;1,5µF;5;Vdc;630;27.5;image/capacitors\28163.png;Datasheet\capacitors\MMKP 386\MMKP 386.pdf;
MMKP 386;Enlarge;MMKP386 - Double Metalized Snubber;BFC238620155;Polypropylene;Snubber;Radial Boxed;1,5µF;10;Vdc;630;27.5;image/capacitors\28163.png;Datasheet\capacitors\MMKP 386\MMKP 386.pdf;
MMKP 386;Enlarge;MMKP386 - Double Metalized Snubber;BFC238601155;Polypropylene;Snubber;Radial Boxed;1,5µF;5;Vdc;850;27.5;image/capacitors\28163.png;Datasheet\capacitors\MMKP 386\MMKP 386.pdf;
MMKP 386;Enlarge;MMKP386 - Double Metalized Snubber;BFC238600155;Polypropylene;Snubber;Radial Boxed;1,5µF;10;Vdc;850;27.5;image/capacitors\28163.png;Datasheet\capacitors\MMKP 386\MMKP 386.pdf;
MMKP 386;Enlarge;MMKP386 - Double Metalized Snubber;BFC238602155;Polypropylene;Snubber;Radial Boxed;1,5µF;10;Vdc;850;27.5;image/capacitors\28163.png;Datasheet\capacitors\MMKP 386\MMKP 386.pdf;
MMKP 386;Enlarge;MMKP386 - Double Metalized Snubber;BFC238603155;Polypropylene;Snubber;Radial Boxed;1,5µF;5;Vdc;850;27.5;image/capacitors\28163.png;Datasheet\capacitors\MMKP 386\MMKP 386.pdf;
MMKP 386;Enlarge;MMKP386 - Double Metalized Snubber;BFC238630185;Polypropylene;Snubber;Radial Boxed;1,8µF;10;Vdc;1000;27.5;image/capacitors\28163.png;Datasheet\capacitors\MMKP 386\MMKP 386.pdf;
MMKP 386;Enlarge;MMKP386 - Double Metalized Snubber;BFC238631185;Polypropylene;Snubber;Radial Boxed;1,8µF;5;Vdc;1000;27.5;image/capacitors\28163.png;Datasheet\capacitors\MMKP 386\MMKP 386.pdf;
MMKP 386;Enlarge;MMKP386 - Double Metalized Snubber;BFC238632185;Polypropylene;Snubber;Radial Boxed;1,8µF;10;Vdc;1000;27.5;image/capacitors\28163.png;Datasheet\capacitors\MMKP 386\MMKP 386.pdf;
MMKP 386;Enlarge;MMKP386 - Double Metalized Snubber;BFC238633185;Polypropylene;Snubber;Radial Boxed;1,8µF;5;Vdc;1000;27.5;image/capacitors\28163.png;Datasheet\capacitors\MMKP 386\MMKP 386.pdf;
MMKP 386;Enlarge;MMKP386 - Double Metalized Snubber;BFC238621185;Polypropylene;Snubber;Radial Boxed;1,8µF;5;Vdc;630;27.5;image/capacitors\28163.png;Datasheet\capacitors\MMKP 386\MMKP 386.pdf;
MMKP 386;Enlarge;MMKP386 - Double Metalized Snubber;BFC238620185;Polypropylene;Snubber;Radial Boxed;1,8µF;10;Vdc;630;27.5;image/capacitors\28163.png;Datasheet\capacitors\MMKP 386\MMKP 386.pdf;
MMKP 386;Enlarge;MMKP386 - Double Metalized Snubber;BFC238622185;Polypropylene;Snubber;Radial Boxed;1,8µF;10;Vdc;630;27.5;image/capacitors\28163.png;Datasheet\capacitors\MMKP 386\MMKP 386.pdf;
MMKP 386;Enlarge;MMKP386 - Double Metalized Snubber;BFC238623185;Polypropylene;Snubber;Radial Boxed;1,8µF;5;Vdc;630;27.5;image/capacitors\28163.png;Datasheet\capacitors\MMKP 386\MMKP 386.pdf;
MMKP 386;Enlarge;MMKP386 - Double Metalized Snubber;BFC238603185;Polypropylene;Snubber;Radial Boxed;1,8µF;5;Vdc;850;27.5;image/capacitors\28163.png;Datasheet\capacitors\MMKP 386\MMKP 386.pdf;
MMKP 386;Enlarge;MMKP386 - Double Metalized Snubber;BFC238601185;Polypropylene;Snubber;Radial Boxed;1,8µF;5;Vdc;850;27.5;image/capacitors\28163.png;Datasheet\capacitors\MMKP 386\MMKP 386.pdf;
MMKP 386;Enlarge;MMKP386 - Double Metalized Snubber;BFC238600185;Polypropylene;Snubber;Radial Boxed;1,8µF;10;Vdc;850;27.5;image/capacitors\28163.png;Datasheet\capacitors\MMKP 386\MMKP 386.pdf;
MMKP 386;Enlarge;MMKP386 - Double Metalized Snubber;BFC238602185;Polypropylene;Snubber;Radial Boxed;1,8µF;10;Vdc;850;27.5;image/capacitors\28163.png;Datasheet\capacitors\MMKP 386\MMKP 386.pdf;
MMKP 386;Enlarge;MMKP386 - Double Metalized Snubber;BFC238633105;Polypropylene;Snubber;Radial Boxed;1µF;5;Vdc;1000;27.5;image/capacitors\28163.png;Datasheet\capacitors\MMKP 386\MMKP 386.pdf;
MMKP 386;Enlarge;MMKP386 - Double Metalized Snubber;BFC238631105;Polypropylene;Snubber;Radial Boxed;1µF;5;Vdc;1000;27.5;image/capacitors\28163.png;Datasheet\capacitors\MMKP 386\MMKP 386.pdf;
MMKP 386;Enlarge;MMKP386 - Double Metalized Snubber;BFC238632105;Polypropylene;Snubber;Radial Boxed;1µF;10;Vdc;1000;27.5;image/capacitors\28163.png;Datasheet\capacitors\MMKP 386\MMKP 386.pdf;
MMKP 386;Enlarge;MMKP386 - Double Metalized Snubber;BFC238630105;Polypropylene;Snubber;Radial Boxed;1µF;10;Vdc;1000;27.5;image/capacitors\28163.png;Datasheet\capacitors\MMKP 386\MMKP 386.pdf;
MMKP 386;Enlarge;MMKP386 - Double Metalized Snubber;BFC238621105;Polypropylene;Snubber;Radial Boxed;1µF;5;Vdc;630;27.5;image/capacitors\28163.png;Datasheet\capacitors\MMKP 386\MMKP 386.pdf;
MMKP 386;Enlarge;MMKP386 - Double Metalized Snubber;BFC238622105;Polypropylene;Snubber;Radial Boxed;1µF;10;Vdc;630;27.5;image/capacitors\28163.png;Datasheet\capacitors\MMKP 386\MMKP 386.pdf;
MMKP 386;Enlarge;MMKP386 - Double Metalized Snubber;BFC238623105;Polypropylene;Snubber;Radial Boxed;1µF;5;Vdc;630;27.5;image/capacitors\28163.png;Datasheet\capacitors\MMKP 386\MMKP 386.pdf;
MMKP 386;Enlarge;MMKP386 - Double Metalized Snubber;BFC238620105;Polypropylene;Snubber;Radial Boxed;1µF;10;Vdc;630;27.5;image/capacitors\28163.png;Datasheet\capacitors\MMKP 386\MMKP 386.pdf;
MMKP 386;Enlarge;MMKP386 - Double Metalized Snubber;BFC238601105;Polypropylene;Snubber;Radial Boxed;1µF;5;Vdc;850;27.5;image/capacitors\28163.png;Datasheet\capacitors\MMKP 386\MMKP 386.pdf;
MMKP 386;Enlarge;MMKP386 - Double Metalized Snubber;BFC238602105;Polypropylene;Snubber;Radial Boxed;1µF;10;Vdc;850;27.5;image/capacitors\28163.png;Datasheet\capacitors\MMKP 386\MMKP 386.pdf;
MMKP 386;Enlarge;MMKP386 - Double Metalized Snubber;BFC238603105;Polypropylene;Snubber;Radial Boxed;1µF;5;Vdc;850;27.5;image/capacitors\28163.png;Datasheet\capacitors\MMKP 386\MMKP 386.pdf;
MMKP 386;Enlarge;MMKP386 - Double Metalized Snubber;BFC238600105;Polypropylene;Snubber;Radial Boxed;1µF;10;Vdc;850;27.5;image/capacitors\28163.png;Datasheet\capacitors\MMKP 386\MMKP 386.pdf;
MMKP 386;Enlarge;MMKP386 - Double Metalized Snubber;BFC238641104;Polypropylene;Snubber;Radial Boxed;100nF;5;Vdc;1400;27.5;image/capacitors\28163.png;Datasheet\capacitors\MMKP 386\MMKP 386.pdf;
MMKP 386;Enlarge;MMKP386 - Double Metalized Snubber;BFC238640104;Polypropylene;Snubber;Radial Boxed;100nF;10;Vdc;1400;27.5;image/capacitors\28163.png;Datasheet\capacitors\MMKP 386\MMKP 386.pdf;
MMKP 386;Enlarge;MMKP386 - Double Metalized Snubber;BFC238642104;Polypropylene;Snubber;Radial Boxed;100nF;10;Vdc;1400;27.5;image/capacitors\28163.png;Datasheet\capacitors\MMKP 386\MMKP 386.pdf;
MMKP 386;Enlarge;MMKP386 - Double Metalized Snubber;BFC238643104;Polypropylene;Snubber;Radial Boxed;100nF;5;Vdc;1400;27.5;image/capacitors\28163.png;Datasheet\capacitors\MMKP 386\MMKP 386.pdf;
MMKP 386;Enlarge;MMKP386 - Double Metalized Snubber;BFC238651104;Polypropylene;Snubber;Radial Boxed;100nF;5;Vdc;1600;27.5;image/capacitors\28163.png;Datasheet\capacitors\MMKP 386\MMKP 386.pdf;
MMKP 386;Enlarge;MMKP386 - Double Metalized Snubber;BFC238652104;Polypropylene;Snubber;Radial Boxed;100nF;10;Vdc;1600;27.5;image/capacitors\28163.png;Datasheet\capacitors\MMKP 386\MMKP 386.pdf;
MMKP 386;Enlarge;MMKP386 - Double Metalized Snubber;BFC238653104;Polypropylene;Snubber;Radial Boxed;100nF;5;Vdc;1600;27.5;image/capacitors\28163.png;Datasheet\capacitors\MMKP 386\MMKP 386.pdf;
MMKP 386;Enlarge;MMKP386 - Double Metalized Snubber;BFC238650104;Polypropylene;Snubber;Radial Boxed;100nF;10;Vdc;1600;27.5;image/capacitors\28163.png;Datasheet\capacitors\MMKP 386\MMKP 386.pdf;
MMKP 386;Enlarge;MMKP386 - Double Metalized Snubber;BFC238662104;Polypropylene;Snubber;Radial Boxed;100nF;10;Vdc;2000;27.5;image/capacitors\28163.png;Datasheet\capacitors\MMKP 386\MMKP 386.pdf;
MMKP 386;Enlarge;MMKP386 - Double Metalized Snubber;BFC238663104;Polypropylene;Snubber;Radial Boxed;100nF;5;Vdc;2000;27.5;image/capacitors\28163.png;Datasheet\capacitors\MMKP 386\MMKP 386.pdf;
MMKP 386;Enlarge;MMKP386 - Double Metalized Snubber;BFC238660104;Polypropylene;Snubber;Radial Boxed;100nF;10;Vdc;2000;27.5;image/capacitors\28163.png;Datasheet\capacitors\MMKP 386\MMKP 386.pdf;
MMKP 386;Enlarge;MMKP386 - Double Metalized Snubber;BFC238661104;Polypropylene;Snubber;Radial Boxed;100nF;5;Vdc;2000;27.5;image/capacitors\28163.png;Datasheet\capacitors\MMKP 386\MMKP 386.pdf;
MMKP 386;Enlarge;MMKP386 - Double Metalized Snubber;BFC238671104;Polypropylene;Snubber;Radial Boxed;100nF;5;Vdc;250;27.5;image/capacitors\28163.png;Datasheet\capacitors\MMKP 386\MMKP 386.pdf;
MMKP 386;Enlarge;MMKP386 - Double Metalized Snubber;BFC238672104;Polypropylene;Snubber;Radial Boxed;100nF;10;Vdc;250;27.5;image/capacitors\28163.png;Datasheet\capacitors\MMKP 386\MMKP 386.pdf;
MMKP 386;Enlarge;MMKP386 - Double Metalized Snubber;BFC238670104;Polypropylene;Snubber;Radial Boxed;100nF;10;Vdc;250;27.5;image/capacitors\28163.png;Datasheet\capacitors\MMKP 386\MMKP 386.pdf;
MMKP 386;Enlarge;MMKP386 - Double Metalized Snubber;BFC238673104;Polypropylene;Snubber;Radial Boxed;100nF;5;Vdc;250;27.5;image/capacitors\28163.png;Datasheet\capacitors\MMKP 386\MMKP 386.pdf;
MMKP 386;Enlarge;MMKP386 - Double Metalized Snubber;BFC238640124;Polypropylene;Snubber;Radial Boxed;120nF;10;Vdc;1400;27.5;image/capacitors\28163.png;Datasheet\capacitors\MMKP 386\MMKP 386.pdf;
MMKP 386;Enlarge;MMKP386 - Double Metalized Snubber;BFC238641124;Polypropylene;Snubber;Radial Boxed;120nF;5;Vdc;1400;27.5;image/capacitors\28163.png;Datasheet\capacitors\MMKP 386\MMKP 386.pdf;
MMKP 386;Enlarge;MMKP386 - Double Metalized Snubber;BFC238643124;Polypropylene;Snubber;Radial Boxed;120nF;5;Vdc;1400;27.5;image/capacitors\28163.png;Datasheet\capacitors\MMKP 386\MMKP 386.pdf;
MMKP 386;Enlarge;MMKP386 - Double Metalized Snubber;BFC238642124;Polypropylene;Snubber;Radial Boxed;120nF;10;Vdc;1400;27.5;image/capacitors\28163.png;Datasheet\capacitors\MMKP 386\MMKP 386.pdf;
MMKP 386;Enlarge;MMKP386 - Double Metalized Snubber;BFC238650124;Polypropylene;Snubber;Radial Boxed;120nF;10;Vdc;1600;27.5;image/capacitors\28163.png;Datasheet\capacitors\MMKP 386\MMKP 386.pdf;
MMKP 386;Enlarge;MMKP386 - Double Metalized Snubber;BFC238651124;Polypropylene;Snubber;Radial Boxed;120nF;5;Vdc;1600;27.5;image/capacitors\28163.png;Datasheet\capacitors\MMKP 386\MMKP 386.pdf;
MMKP 386;Enlarge;MMKP386 - Double Metalized Snubber;BFC238653124;Polypropylene;Snubber;Radial Boxed;120nF;5;Vdc;1600;27.5;image/capacitors\28163.png;Datasheet\capacitors\MMKP 386\MMKP 386.pdf;
MMKP 386;Enlarge;MMKP386 - Double Metalized Snubber;BFC238652124;Polypropylene;Snubber;Radial Boxed;120nF;10;Vdc;1600;27.5;image/capacitors\28163.png;Datasheet\capacitors\MMKP 386\MMKP 386.pdf;
MMKP 386;Enlarge;MMKP386 - Double Metalized Snubber;BFC238663124;Polypropylene;Snubber;Radial Boxed;120nF;5;Vdc;2000;27.5;image/capacitors\28163.png;Datasheet\capacitors\MMKP 386\MMKP 386.pdf;
MMKP 386;Enlarge;MMKP386 - Double Metalized Snubber;BFC238661124;Polypropylene;Snubber;Radial Boxed;120nF;5;Vdc;2000;27.5;image/capacitors\28163.png;Datasheet\capacitors\MMKP 386\MMKP 386.pdf;
MMKP 386;Enlarge;MMKP386 - Double Metalized Snubber;BFC238662124;Polypropylene;Snubber;Radial Boxed;120nF;10;Vdc;2000;27.5;image/capacitors\28163.png;Datasheet\capacitors\MMKP 386\MMKP 386.pdf;
MMKP 386;Enlarge;MMKP386 - Double Metalized Snubber;BFC238660124;Polypropylene;Snubber;Radial Boxed;120nF;10;Vdc;2000;27.5;image/capacitors\28163.png;Datasheet\capacitors\MMKP 386\MMKP 386.pdf;
MMKP 386;Enlarge;MMKP386 - Double Metalized Snubber;BFC238671124;Polypropylene;Snubber;Radial Boxed;120nF;5;Vdc;250;27.5;image/capacitors\28163.png;Datasheet\capacitors\MMKP 386\MMKP 386.pdf;
MMKP 386;Enlarge;MMKP386 - Double Metalized Snubber;BFC238672124;Polypropylene;Snubber;Radial Boxed;120nF;10;Vdc;250;27.5;image/capacitors\28163.png;Datasheet\capacitors\MMKP 386\MMKP 386.pdf;
MMKP 386;Enlarge;MMKP386 - Double Metalized Snubber;BFC238673124;Polypropylene;Snubber;Radial Boxed;120nF;5;Vdc;250;27.5;image/capacitors\28163.png;Datasheet\capacitors\MMKP 386\MMKP 386.pdf;
MMKP 386;Enlarge;MMKP386 - Double Metalized Snubber;BFC238670124;Polypropylene;Snubber;Radial Boxed;120nF;10;Vdc;250;27.5;image/capacitors\28163.png;Datasheet\capacitors\MMKP 386\MMKP 386.pdf;
MMKP 386;Enlarge;MMKP386 - Double Metalized Snubber;BFC238680154;Polypropylene;Snubber;Radial Boxed;150nF;10;Vdc;1250;27.5;image/capacitors\28163.png;Datasheet\capacitors\MMKP 386\MMKP 386.pdf;
MMKP 386;Enlarge;MMKP386 - Double Metalized Snubber;BFC238682154;Polypropylene;Snubber;Radial Boxed;150nF;10;Vdc;1250;27.5;image/capacitors\28163.png;Datasheet\capacitors\MMKP 386\MMKP 386.pdf;
MMKP 386;Enlarge;MMKP386 - Double Metalized Snubber;BFC238681154;Polypropylene;Snubber;Radial Boxed;150nF;5;Vdc;1250;27.5;image/capacitors\28163.png;Datasheet\capacitors\MMKP 386\MMKP 386.pdf;
MMKP 386;Enlarge;MMKP386 - Double Metalized Snubber;BFC238683154;Polypropylene;Snubber;Radial Boxed;150nF;5;Vdc;1250;27.5;image/capacitors\28163.png;Datasheet\capacitors\MMKP 386\MMKP 386.pdf;
MMKP 386;Enlarge;MMKP386 - Double Metalized Snubber;BFC238642154;Polypropylene;Snubber;Radial Boxed;150nF;10;Vdc;1400;27.5;image/capacitors\28163.png;Datasheet\capacitors\MMKP 386\MMKP 386.pdf;
MMKP 386;Enlarge;MMKP386 - Double Metalized Snubber;BFC238640154;Polypropylene;Snubber;Radial Boxed;150nF;10;Vdc;1400;27.5;image/capacitors\28163.png;Datasheet\capacitors\MMKP 386\MMKP 386.pdf;
MMKP 386;Enlarge;MMKP386 - Double Metalized Snubber;BFC238641154;Polypropylene;Snubber;Radial Boxed;150nF;5;Vdc;1400;27.5;image/capacitors\28163.png;Datasheet\capacitors\MMKP 386\MMKP 386.pdf;
MMKP 386;Enlarge;MMKP386 - Double Metalized Snubber;BFC238643154;Polypropylene;Snubber;Radial Boxed;150nF;5;Vdc;1400;27.5;image/capacitors\28163.png;Datasheet\capacitors\MMKP 386\MMKP 386.pdf;
MMKP 386;Enlarge;MMKP386 - Double Metalized Snubber;BFC238653154;Polypropylene;Snubber;Radial Boxed;150nF;5;Vdc;1600;27.5;image/capacitors\28163.png;Datasheet\capacitors\MMKP 386\MMKP 386.pdf;
MMKP 386;Enlarge;MMKP386 - Double Metalized Snubber;BFC238652154;Polypropylene;Snubber;Radial Boxed;150nF;10;Vdc;1600;27.5;image/capacitors\28163.png;Datasheet\capacitors\MMKP 386\MMKP 386.pdf;
MMKP 386;Enlarge;MMKP386 - Double Metalized Snubber;BFC238651154;Polypropylene;Snubber;Radial Boxed;150nF;5;Vdc;1600;27.5;image/capacitors\28163.png;Datasheet\capacitors\MMKP 386\MMKP 386.pdf;
MMKP 386;Enlarge;MMKP386 - Double Metalized Snubber;BFC238650154;Polypropylene;Snubber;Radial Boxed;150nF;10;Vdc;1600;27.5;image/capacitors\28163.png;Datasheet\capacitors\MMKP 386\MMKP 386.pdf;
MMKP 386;Enlarge;MMKP386 - Double Metalized Snubber;BFC238660154;Polypropylene;Snubber;Radial Boxed;150nF;10;Vdc;2000;27.5;image/capacitors\28163.png;Datasheet\capacitors\MMKP 386\MMKP 386.pdf;
MMKP 386;Enlarge;MMKP386 - Double Metalized Snubber;BFC238663154;Polypropylene;Snubber;Radial Boxed;150nF;5;Vdc;2000;27.5;image/capacitors\28163.png;Datasheet\capacitors\MMKP 386\MMKP 386.pdf;
MMKP 386;Enlarge;MMKP386 - Double Metalized Snubber;BFC238661154;Polypropylene;Snubber;Radial Boxed;150nF;5;Vdc;2000;27.5;image/capacitors\28163.png;Datasheet\capacitors\MMKP 386\MMKP 386.pdf;
MMKP 386;Enlarge;MMKP386 - Double Metalized Snubber;BFC238662154;Polypropylene;Snubber;Radial Boxed;150nF;10;Vdc;2000;27.5;image/capacitors\28163.png;Datasheet\capacitors\MMKP 386\MMKP 386.pdf;
MMKP 386;Enlarge;MMKP386 - Double Metalized Snubber;BFC238671154;Polypropylene;Snubber;Radial Boxed;150nF;5;Vdc;250;27.5;image/capacitors\28163.png;Datasheet\capacitors\MMKP 386\MMKP 386.pdf;
MMKP 386;Enlarge;MMKP386 - Double Metalized Snubber;BFC238670154;Polypropylene;Snubber;Radial Boxed;150nF;10;Vdc;250;27.5;image/capacitors\28163.png;Datasheet\capacitors\MMKP 386\MMKP 386.pdf;
MMKP 386;Enlarge;MMKP386 - Double Metalized Snubber;BFC238672154;Polypropylene;Snubber;Radial Boxed;150nF;10;Vdc;250;27.5;image/capacitors\28163.png;Datasheet\capacitors\MMKP 386\MMKP 386.pdf;
MMKP 386;Enlarge;MMKP386 - Double Metalized Snubber;BFC238673154;Polypropylene;Snubber;Radial Boxed;150nF;5;Vdc;250;27.5;image/capacitors\28163.png;Datasheet\capacitors\MMKP 386\MMKP 386.pdf;
MMKP 386;Enlarge;MMKP386 - Double Metalized Snubber;BFC238680184;Polypropylene;Snubber;Radial Boxed;180nF;10;Vdc;1250;27.5;image/capacitors\28163.png;Datasheet\capacitors\MMKP 386\MMKP 386.pdf;
MMKP 386;Enlarge;MMKP386 - Double Metalized Snubber;BFC238681184;Polypropylene;Snubber;Radial Boxed;180nF;5;Vdc;1250;27.5;image/capacitors\28163.png;Datasheet\capacitors\MMKP 386\MMKP 386.pdf;
MMKP 386;Enlarge;MMKP386 - Double Metalized Snubber;BFC238683184;Polypropylene;Snubber;Radial Boxed;180nF;5;Vdc;1250;27.5;image/capacitors\28163.png;Datasheet\capacitors\MMKP 386\MMKP 386.pdf;
MMKP 386;Enlarge;MMKP386 - Double Metalized Snubber;BFC238682184;Polypropylene;Snubber;Radial Boxed;180nF;10;Vdc;1250;27.5;image/capacitors\28163.png;Datasheet\capacitors\MMKP 386\MMKP 386.pdf;
MMKP 386;Enlarge;MMKP386 - Double Metalized Snubber;BFC238641184;Polypropylene;Snubber;Radial Boxed;180nF;5;Vdc;1400;27.5;image/capacitors\28163.png;Datasheet\capacitors\MMKP 386\MMKP 386.pdf;
MMKP 386;Enlarge;MMKP386 - Double Metalized Snubber;BFC238640184;Polypropylene;Snubber;Radial Boxed;180nF;10;Vdc;1400;27.5;image/capacitors\28163.png;Datasheet\capacitors\MMKP 386\MMKP 386.pdf;
MMKP 386;Enlarge;MMKP386 - Double Metalized Snubber;BFC238643184;Polypropylene;Snubber;Radial Boxed;180nF;5;Vdc;1400;27.5;image/capacitors\28163.png;Datasheet\capacitors\MMKP 386\MMKP 386.pdf;
MMKP 386;Enlarge;MMKP386 - Double Metalized Snubber;BFC238642184;Polypropylene;Snubber;Radial Boxed;180nF;10;Vdc;1400;27.5;image/capacitors\28163.png;Datasheet\capacitors\MMKP 386\MMKP 386.pdf;
MMKP 386;Enlarge;MMKP386 - Double Metalized Snubber;BFC238652184;Polypropylene;Snubber;Radial Boxed;180nF;10;Vdc;1600;27.5;image/capacitors\28163.png;Datasheet\capacitors\MMKP 386\MMKP 386.pdf;
MMKP 386;Enlarge;MMKP386 - Double Metalized Snubber;BFC238650184;Polypropylene;Snubber;Radial Boxed;180nF;10;Vdc;1600;27.5;image/capacitors\28163.png;Datasheet\capacitors\MMKP 386\MMKP 386.pdf;
MMKP 386;Enlarge;MMKP386 - Double Metalized Snubber;BFC238653184;Polypropylene;Snubber;Radial Boxed;180nF;5;Vdc;1600;27.5;image/capacitors\28163.png;Datasheet\capacitors\MMKP 386\MMKP 386.pdf;
MMKP 386;Enlarge;MMKP386 - Double Metalized Snubber;BFC238651184;Polypropylene;Snubber;Radial Boxed;180nF;5;Vdc;1600;27.5;image/capacitors\28163.png;Datasheet\capacitors\MMKP 386\MMKP 386.pdf;
MMKP 386;Enlarge;MMKP386 - Double Metalized Snubber;BFC238663184;Polypropylene;Snubber;Radial Boxed;180nF;5;Vdc;2000;27.5;image/capacitors\28163.png;Datasheet\capacitors\MMKP 386\MMKP 386.pdf;
MMKP 386;Enlarge;MMKP386 - Double Metalized Snubber;BFC238662184;Polypropylene;Snubber;Radial Boxed;180nF;10;Vdc;2000;27.5;image/capacitors\28163.png;Datasheet\capacitors\MMKP 386\MMKP 386.pdf;
MMKP 386;Enlarge;MMKP386 - Double Metalized Snubber;BFC238661184;Polypropylene;Snubber;Radial Boxed;180nF;5;Vdc;2000;27.5;image/capacitors\28163.png;Datasheet\capacitors\MMKP 386\MMKP 386.pdf;
MMKP 386;Enlarge;MMKP386 - Double Metalized Snubber;BFC238660184;Polypropylene;Snubber;Radial Boxed;180nF;10;Vdc;2000;27.5;image/capacitors\28163.png;Datasheet\capacitors\MMKP 386\MMKP 386.pdf;
MMKP 386;Enlarge;MMKP386 - Double Metalized Snubber;BFC238670184;Polypropylene;Snubber;Radial Boxed;180nF;10;Vdc;250;27.5;image/capacitors\28163.png;Datasheet\capacitors\MMKP 386\MMKP 386.pdf;
MMKP 386;Enlarge;MMKP386 - Double Metalized Snubber;BFC238672184;Polypropylene;Snubber;Radial Boxed;180nF;10;Vdc;250;27.5;image/capacitors\28163.png;Datasheet\capacitors\MMKP 386\MMKP 386.pdf;
MMKP 386;Enlarge;MMKP386 - Double Metalized Snubber;BFC238673184;Polypropylene;Snubber;Radial Boxed;180nF;5;Vdc;250;27.5;image/capacitors\28163.png;Datasheet\capacitors\MMKP 386\MMKP 386.pdf;
MMKP 386;Enlarge;MMKP386 - Double Metalized Snubber;BFC238671184;Polypropylene;Snubber;Radial Boxed;180nF;5;Vdc;250;27.5;image/capacitors\28163.png;Datasheet\capacitors\MMKP 386\MMKP 386.pdf;
MMKP 386;Enlarge;MMKP386 - Double Metalized Snubber;BFC238623225;Polypropylene;Snubber;Radial Boxed;2,2µF;5;Vdc;630;27.5;image/capacitors\28163.png;Datasheet\capacitors\MMKP 386\MMKP 386.pdf;
MMKP 386;Enlarge;MMKP386 - Double Metalized Snubber;BFC238622225;Polypropylene;Snubber;Radial Boxed;2,2µF;10;Vdc;630;27.5;image/capacitors\28163.png;Datasheet\capacitors\MMKP 386\MMKP 386.pdf;
MMKP 386;Enlarge;MMKP386 - Double Metalized Snubber;BFC238621225;Polypropylene;Snubber;Radial Boxed;2,2µF;5;Vdc;630;27.5;image/capacitors\28163.png;Datasheet\capacitors\MMKP 386\MMKP 386.pdf;
MMKP 386;Enlarge;MMKP386 - Double Metalized Snubber;BFC238620225;Polypropylene;Snubber;Radial Boxed;2,2µF;10;Vdc;630;27.5;image/capacitors\28163.png;Datasheet\capacitors\MMKP 386\MMKP 386.pdf;
MMKP 386;Enlarge;MMKP386 - Double Metalized Snubber;BFC238602225;Polypropylene;Snubber;Radial Boxed;2,2µF;10;Vdc;850;27.5;image/capacitors\28163.png;Datasheet\capacitors\MMKP 386\MMKP 386.pdf;
MMKP 386;Enlarge;MMKP386 - Double Metalized Snubber;BFC238600225;Polypropylene;Snubber;Radial Boxed;2,2µF;10;Vdc;850;27.5;image/capacitors\28163.png;Datasheet\capacitors\MMKP 386\MMKP 386.pdf;
MMKP 386;Enlarge;MMKP386 - Double Metalized Snubber;BFC238603225;Polypropylene;Snubber;Radial Boxed;2,2µF;5;Vdc;850;27.5;image/capacitors\28163.png;Datasheet\capacitors\MMKP 386\MMKP 386.pdf;
MMKP 386;Enlarge;MMKP386 - Double Metalized Snubber;BFC238601225;Polypropylene;Snubber;Radial Boxed;2,2µF;5;Vdc;850;27.5;image/capacitors\28163.png;Datasheet\capacitors\MMKP 386\MMKP 386.pdf;
MMKP 386;Enlarge;MMKP386 - Double Metalized Snubber;BFC238621275;Polypropylene;Snubber;Radial Boxed;2,7µF;5;Vdc;630;27.5;image/capacitors\28163.png;Datasheet\capacitors\MMKP 386\MMKP 386.pdf;
MMKP 386;Enlarge;MMKP386 - Double Metalized Snubber;BFC238623275;Polypropylene;Snubber;Radial Boxed;2,7µF;5;Vdc;630;27.5;image/capacitors\28163.png;Datasheet\capacitors\MMKP 386\MMKP 386.pdf;
MMKP 386;Enlarge;MMKP386 - Double Metalized Snubber;BFC238620275;Polypropylene;Snubber;Radial Boxed;2,7µF;10;Vdc;630;27.5;image/capacitors\28163.png;Datasheet\capacitors\MMKP 386\MMKP 386.pdf;
MMKP 386;Enlarge;MMKP386 - Double Metalized Snubber;BFC238622275;Polypropylene;Snubber;Radial Boxed;2,7µF;10;Vdc;630;27.5;image/capacitors\28163.png;Datasheet\capacitors\MMKP 386\MMKP 386.pdf;
MMKP 386;Enlarge;MMKP386 - Double Metalized Snubber;BFC238602275;Polypropylene;Snubber;Radial Boxed;2,7µF;10;Vdc;850;27.5;image/capacitors\28163.png;Datasheet\capacitors\MMKP 386\MMKP 386.pdf;
MMKP 386;Enlarge;MMKP386 - Double Metalized Snubber;BFC238603275;Polypropylene;Snubber;Radial Boxed;2,7µF;5;Vdc;850;27.5;image/capacitors\28163.png;Datasheet\capacitors\MMKP 386\MMKP 386.pdf;
MMKP 386;Enlarge;MMKP386 - Double Metalized Snubber;BFC238600275;Polypropylene;Snubber;Radial Boxed;2,7µF;10;Vdc;850;27.5;image/capacitors\28163.png;Datasheet\capacitors\MMKP 386\MMKP 386.pdf;
MMKP 386;Enlarge;MMKP386 - Double Metalized Snubber;BFC238601275;Polypropylene;Snubber;Radial Boxed;2,7µF;5;Vdc;850;27.5;image/capacitors\28163.png;Datasheet\capacitors\MMKP 386\MMKP 386.pdf;
MMKP 386;Enlarge;MMKP386 - Double Metalized Snubber;BFC238680224;Polypropylene;Snubber;Radial Boxed;220nF;10;Vdc;1250;27.5;image/capacitors\28163.png;Datasheet\capacitors\MMKP 386\MMKP 386.pdf;
MMKP 386;Enlarge;MMKP386 - Double Metalized Snubber;BFC238681224;Polypropylene;Snubber;Radial Boxed;220nF;5;Vdc;1250;27.5;image/capacitors\28163.png;Datasheet\capacitors\MMKP 386\MMKP 386.pdf;
MMKP 386;Enlarge;MMKP386 - Double Metalized Snubber;BFC238682224;Polypropylene;Snubber;Radial Boxed;220nF;10;Vdc;1250;27.5;image/capacitors\28163.png;Datasheet\capacitors\MMKP 386\MMKP 386.pdf;
MMKP 386;Enlarge;MMKP386 - Double Metalized Snubber;BFC238683224;Polypropylene;Snubber;Radial Boxed;220nF;5;Vdc;1250;27.5;image/capacitors\28163.png;Datasheet\capacitors\MMKP 386\MMKP 386.pdf;
MMKP 386;Enlarge;MMKP386 - Double Metalized Snubber;BFC238643224;Polypropylene;Snubber;Radial Boxed;220nF;5;Vdc;1400;27.5;image/capacitors\28163.png;Datasheet\capacitors\MMKP 386\MMKP 386.pdf;
MMKP 386;Enlarge;MMKP386 - Double Metalized Snubber;BFC238641224;Polypropylene;Snubber;Radial Boxed;220nF;5;Vdc;1400;27.5;image/capacitors\28163.png;Datasheet\capacitors\MMKP 386\MMKP 386.pdf;
MMKP 386;Enlarge;MMKP386 - Double Metalized Snubber;BFC238640224;Polypropylene;Snubber;Radial Boxed;220nF;10;Vdc;1400;27.5;image/capacitors\28163.png;Datasheet\capacitors\MMKP 386\MMKP 386.pdf;
MMKP 386;Enlarge;MMKP386 - Double Metalized Snubber;BFC238642224;Polypropylene;Snubber;Radial Boxed;220nF;10;Vdc;1400;27.5;image/capacitors\28163.png;Datasheet\capacitors\MMKP 386\MMKP 386.pdf;
MMKP 386;Enlarge;MMKP386 - Double Metalized Snubber;BFC238650224;Polypropylene;Snubber;Radial Boxed;220nF;10;Vdc;1600;27.5;image/capacitors\28163.png;Datasheet\capacitors\MMKP 386\MMKP 386.pdf;
MMKP 386;Enlarge;MMKP386 - Double Metalized Snubber;BFC238652224;Polypropylene;Snubber;Radial Boxed;220nF;10;Vdc;1600;27.5;image/capacitors\28163.png;Datasheet\capacitors\MMKP 386\MMKP 386.pdf;
MMKP 386;Enlarge;MMKP386 - Double Metalized Snubber;BFC238653224;Polypropylene;Snubber;Radial Boxed;220nF;5;Vdc;1600;27.5;image/capacitors\28163.png;Datasheet\capacitors\MMKP 386\MMKP 386.pdf;
MMKP 386;Enlarge;MMKP386 - Double Metalized Snubber;BFC238651224;Polypropylene;Snubber;Radial Boxed;220nF;5;Vdc;1600;27.5;image/capacitors\28163.png;Datasheet\capacitors\MMKP 386\MMKP 386.pdf;
MMKP 386;Enlarge;MMKP386 - Double Metalized Snubber;BFC238662224;Polypropylene;Snubber;Radial Boxed;220nF;10;Vdc;2000;27.5;image/capacitors\28163.png;Datasheet\capacitors\MMKP 386\MMKP 386.pdf;
MMKP 386;Enlarge;MMKP386 - Double Metalized Snubber;BFC238663224;Polypropylene;Snubber;Radial Boxed;220nF;5;Vdc;2000;27.5;image/capacitors\28163.png;Datasheet\capacitors\MMKP 386\MMKP 386.pdf;
MMKP 386;Enlarge;MMKP386 - Double Metalized Snubber;BFC238660224;Polypropylene;Snubber;Radial Boxed;220nF;10;Vdc;2000;27.5;image/capacitors\28163.png;Datasheet\capacitors\MMKP 386\MMKP 386.pdf;
MMKP 386;Enlarge;MMKP386 - Double Metalized Snubber;BFC238661224;Polypropylene;Snubber;Radial Boxed;220nF;5;Vdc;2000;27.5;image/capacitors\28163.png;Datasheet\capacitors\MMKP 386\MMKP 386.pdf;
MMKP 386;Enlarge;MMKP386 - Double Metalized Snubber;BFC238673224;Polypropylene;Snubber;Radial Boxed;220nF;5;Vdc;250;27.5;image/capacitors\28163.png;Datasheet\capacitors\MMKP 386\MMKP 386.pdf;
MMKP 386;Enlarge;MMKP386 - Double Metalized Snubber;BFC238672224;Polypropylene;Snubber;Radial Boxed;220nF;10;Vdc;250;27.5;image/capacitors\28163.png;Datasheet\capacitors\MMKP 386\MMKP 386.pdf;
MMKP 386;Enlarge;MMKP386 - Double Metalized Snubber;BFC238671224;Polypropylene;Snubber;Radial Boxed;220nF;5;Vdc;250;27.5;image/capacitors\28163.png;Datasheet\capacitors\MMKP 386\MMKP 386.pdf;
MMKP 386;Enlarge;MMKP386 - Double Metalized Snubber;BFC238670224;Polypropylene;Snubber;Radial Boxed;220nF;10;Vdc;250;27.5;image/capacitors\28163.png;Datasheet\capacitors\MMKP 386\MMKP 386.pdf;
MMKP 386;Enlarge;MMKP386 - Double Metalized Snubber;BFC238600224;Polypropylene;Snubber;Radial Boxed;220nF;10;Vdc;850;27.5;image/capacitors\28163.png;Datasheet\capacitors\MMKP 386\MMKP 386.pdf;
MMKP 386;Enlarge;MMKP386 - Double Metalized Snubber;BFC238601224;Polypropylene;Snubber;Radial Boxed;220nF;5;Vdc;850;27.5;image/capacitors\28163.png;Datasheet\capacitors\MMKP 386\MMKP 386.pdf;
MMKP 386;Enlarge;MMKP386 - Double Metalized Snubber;BFC238602224;Polypropylene;Snubber;Radial Boxed;220nF;10;Vdc;850;27.5;image/capacitors\28163.png;Datasheet\capacitors\MMKP 386\MMKP 386.pdf;
MMKP 386;Enlarge;MMKP386 - Double Metalized Snubber;BFC238603224;Polypropylene;Snubber;Radial Boxed;220nF;5;Vdc;850;27.5;image/capacitors\28163.png;Datasheet\capacitors\MMKP 386\MMKP 386.pdf;
MMKP 386;Enlarge;MMKP386 - Double Metalized Snubber;BFC238682274;Polypropylene;Snubber;Radial Boxed;270nF;10;Vdc;1250;27.5;image/capacitors\28163.png;Datasheet\capacitors\MMKP 386\MMKP 386.pdf;
MMKP 386;Enlarge;MMKP386 - Double Metalized Snubber;BFC238683274;Polypropylene;Snubber;Radial Boxed;270nF;5;Vdc;1250;27.5;image/capacitors\28163.png;Datasheet\capacitors\MMKP 386\MMKP 386.pdf;
MMKP 386;Enlarge;MMKP386 - Double Metalized Snubber;BFC238681274;Polypropylene;Snubber;Radial Boxed;270nF;5;Vdc;1250;27.5;image/capacitors\28163.png;Datasheet\capacitors\MMKP 386\MMKP 386.pdf;
MMKP 386;Enlarge;MMKP386 - Double Metalized Snubber;BFC238680274;Polypropylene;Snubber;Radial Boxed;270nF;10;Vdc;1250;27.5;image/capacitors\28163.png;Datasheet\capacitors\MMKP 386\MMKP 386.pdf;
MMKP 386;Enlarge;MMKP386 - Double Metalized Snubber;BFC238642274;Polypropylene;Snubber;Radial Boxed;270nF;10;Vdc;1400;27.5;image/capacitors\28163.png;Datasheet\capacitors\MMKP 386\MMKP 386.pdf;
MMKP 386;Enlarge;MMKP386 - Double Metalized Snubber;BFC238641274;Polypropylene;Snubber;Radial Boxed;270nF;5;Vdc;1400;27.5;image/capacitors\28163.png;Datasheet\capacitors\MMKP 386\MMKP 386.pdf;
MMKP 386;Enlarge;MMKP386 - Double Metalized Snubber;BFC238640274;Polypropylene;Snubber;Radial Boxed;270nF;10;Vdc;1400;27.5;image/capacitors\28163.png;Datasheet\capacitors\MMKP 386\MMKP 386.pdf;
MMKP 386;Enlarge;MMKP386 - Double Metalized Snubber;BFC238643274;Polypropylene;Snubber;Radial Boxed;270nF;5;Vdc;1400;27.5;image/capacitors\28163.png;Datasheet\capacitors\MMKP 386\MMKP 386.pdf;
MMKP 386;Enlarge;MMKP386 - Double Metalized Snubber;BFC238653274;Polypropylene;Snubber;Radial Boxed;270nF;5;Vdc;1600;27.5;image/capacitors\28163.png;Datasheet\capacitors\MMKP 386\MMKP 386.pdf;
MMKP 386;Enlarge;MMKP386 - Double Metalized Snubber;BFC238651274;Polypropylene;Snubber;Radial Boxed;270nF;5;Vdc;1600;27.5;image/capacitors\28163.png;Datasheet\capacitors\MMKP 386\MMKP 386.pdf;
MMKP 386;Enlarge;MMKP386 - Double Metalized Snubber;BFC238652274;Polypropylene;Snubber;Radial Boxed;270nF;10;Vdc;1600;27.5;image/capacitors\28163.png;Datasheet\capacitors\MMKP 386\MMKP 386.pdf;
MMKP 386;Enlarge;MMKP386 - Double Metalized Snubber;BFC238650274;Polypropylene;Snubber;Radial Boxed;270nF;10;Vdc;1600;27.5;image/capacitors\28163.png;Datasheet\capacitors\MMKP 386\MMKP 386.pdf;
MMKP 386;Enlarge;MMKP386 - Double Metalized Snubber;BFC238662274;Polypropylene;Snubber;Radial Boxed;270nF;10;Vdc;2000;27.5;image/capacitors\28163.png;Datasheet\capacitors\MMKP 386\MMKP 386.pdf;
MMKP 386;Enlarge;MMKP386 - Double Metalized Snubber;BFC238663274;Polypropylene;Snubber;Radial Boxed;270nF;5;Vdc;2000;27.5;image/capacitors\28163.png;Datasheet\capacitors\MMKP 386\MMKP 386.pdf;
MMKP 386;Enlarge;MMKP386 - Double Metalized Snubber;BFC238660274;Polypropylene;Snubber;Radial Boxed;270nF;10;Vdc;2000;27.5;image/capacitors\28163.png;Datasheet\capacitors\MMKP 386\MMKP 386.pdf;
MMKP 386;Enlarge;MMKP386 - Double Metalized Snubber;BFC238661274;Polypropylene;Snubber;Radial Boxed;270nF;5;Vdc;2000;27.5;image/capacitors\28163.png;Datasheet\capacitors\MMKP 386\MMKP 386.pdf;
MMKP 386;Enlarge;MMKP386 - Double Metalized Snubber;BFC238671274;Polypropylene;Snubber;Radial Boxed;270nF;5;Vdc;250;27.5;image/capacitors\28163.png;Datasheet\capacitors\MMKP 386\MMKP 386.pdf;
MMKP 386;Enlarge;MMKP386 - Double Metalized Snubber;BFC238670274;Polypropylene;Snubber;Radial Boxed;270nF;10;Vdc;250;27.5;image/capacitors\28163.png;Datasheet\capacitors\MMKP 386\MMKP 386.pdf;
MMKP 386;Enlarge;MMKP386 - Double Metalized Snubber;BFC238673274;Polypropylene;Snubber;Radial Boxed;270nF;5;Vdc;250;27.5;image/capacitors\28163.png;Datasheet\capacitors\MMKP 386\MMKP 386.pdf;
MMKP 386;Enlarge;MMKP386 - Double Metalized Snubber;BFC238672274;Polypropylene;Snubber;Radial Boxed;270nF;10;Vdc;250;27.5;image/capacitors\28163.png;Datasheet\capacitors\MMKP 386\MMKP 386.pdf;
MMKP 386;Enlarge;MMKP386 - Double Metalized Snubber;BFC238601274;Polypropylene;Snubber;Radial Boxed;270nF;5;Vdc;850;27.5;image/capacitors\28163.png;Datasheet\capacitors\MMKP 386\MMKP 386.pdf;
MMKP 386;Enlarge;MMKP386 - Double Metalized Snubber;BFC238602274;Polypropylene;Snubber;Radial Boxed;270nF;10;Vdc;850;27.5;image/capacitors\28163.png;Datasheet\capacitors\MMKP 386\MMKP 386.pdf;
MMKP 386;Enlarge;MMKP386 - Double Metalized Snubber;BFC238600274;Polypropylene;Snubber;Radial Boxed;270nF;10;Vdc;850;27.5;image/capacitors\28163.png;Datasheet\capacitors\MMKP 386\MMKP 386.pdf;
MMKP 386;Enlarge;MMKP386 - Double Metalized Snubber;BFC238603274;Polypropylene;Snubber;Radial Boxed;270nF;5;Vdc;850;27.5;image/capacitors\28163.png;Datasheet\capacitors\MMKP 386\MMKP 386.pdf;
MMKP 386;Enlarge;MMKP386 - Double Metalized Snubber;BFC238620335;Polypropylene;Snubber;Radial Boxed;3,3µF;10;Vdc;630;27.5;image/capacitors\28163.png;Datasheet\capacitors\MMKP 386\MMKP 386.pdf;
MMKP 386;Enlarge;MMKP386 - Double Metalized Snubber;BFC238621335;Polypropylene;Snubber;Radial Boxed;3,3µF;5;Vdc;630;27.5;image/capacitors\28163.png;Datasheet\capacitors\MMKP 386\MMKP 386.pdf;
MMKP 386;Enlarge;MMKP386 - Double Metalized Snubber;BFC238622335;Polypropylene;Snubber;Radial Boxed;3,3µF;10;Vdc;630;27.5;image/capacitors\28163.png;Datasheet\capacitors\MMKP 386\MMKP 386.pdf;
MMKP 386;Enlarge;MMKP386 - Double Metalized Snubber;BFC238623335;Polypropylene;Snubber;Radial Boxed;3,3µF;5;Vdc;630;27.5;image/capacitors\28163.png;Datasheet\capacitors\MMKP 386\MMKP 386.pdf;
MMKP 386;Enlarge;MMKP386 - Double Metalized Snubber;BFC238623395;Polypropylene;Snubber;Radial Boxed;3,9µF;5;Vdc;630;27.5;image/capacitors\28163.png;Datasheet\capacitors\MMKP 386\MMKP 386.pdf;
MMKP 386;Enlarge;MMKP386 - Double Metalized Snubber;BFC238621395;Polypropylene;Snubber;Radial Boxed;3,9µF;5;Vdc;630;27.5;image/capacitors\28163.png;Datasheet\capacitors\MMKP 386\MMKP 386.pdf;
MMKP 386;Enlarge;MMKP386 - Double Metalized Snubber;BFC238622395;Polypropylene;Snubber;Radial Boxed;3,9µF;10;Vdc;630;27.5;image/capacitors\28163.png;Datasheet\capacitors\MMKP 386\MMKP 386.pdf;
MMKP 386;Enlarge;MMKP386 - Double Metalized Snubber;BFC238620395;Polypropylene;Snubber;Radial Boxed;3,9µF;10;Vdc;630;27.5;image/capacitors\28163.png;Datasheet\capacitors\MMKP 386\MMKP 386.pdf;
MMKP 386;Enlarge;MMKP386 - Double Metalized Snubber;BFC238633334;Polypropylene;Snubber;Radial Boxed;330nF;5;Vdc;1000;27.5;image/capacitors\28163.png;Datasheet\capacitors\MMKP 386\MMKP 386.pdf;
MMKP 386;Enlarge;MMKP386 - Double Metalized Snubber;BFC238632334;Polypropylene;Snubber;Radial Boxed;330nF;10;Vdc;1000;27.5;image/capacitors\28163.png;Datasheet\capacitors\MMKP 386\MMKP 386.pdf;
MMKP 386;Enlarge;MMKP386 - Double Metalized Snubber;BFC238631334;Polypropylene;Snubber;Radial Boxed;330nF;5;Vdc;1000;27.5;image/capacitors\28163.png;Datasheet\capacitors\MMKP 386\MMKP 386.pdf;
MMKP 386;Enlarge;MMKP386 - Double Metalized Snubber;BFC238630334;Polypropylene;Snubber;Radial Boxed;330nF;10;Vdc;1000;27.5;image/capacitors\28163.png;Datasheet\capacitors\MMKP 386\MMKP 386.pdf;
MMKP 386;Enlarge;MMKP386 - Double Metalized Snubber;BFC238681334;Polypropylene;Snubber;Radial Boxed;330nF;5;Vdc;1250;27.5;image/capacitors\28163.png;Datasheet\capacitors\MMKP 386\MMKP 386.pdf;
MMKP 386;Enlarge;MMKP386 - Double Metalized Snubber;BFC238682334;Polypropylene;Snubber;Radial Boxed;330nF;10;Vdc;1250;27.5;image/capacitors\28163.png;Datasheet\capacitors\MMKP 386\MMKP 386.pdf;
MMKP 386;Enlarge;MMKP386 - Double Metalized Snubber;BFC238683334;Polypropylene;Snubber;Radial Boxed;330nF;5;Vdc;1250;27.5;image/capacitors\28163.png;Datasheet\capacitors\MMKP 386\MMKP 386.pdf;
MMKP 386;Enlarge;MMKP386 - Double Metalized Snubber;BFC238680334;Polypropylene;Snubber;Radial Boxed;330nF;10;Vdc;1250;27.5;image/capacitors\28163.png;Datasheet\capacitors\MMKP 386\MMKP 386.pdf;
MMKP 386;Enlarge;MMKP386 - Double Metalized Snubber;BFC238643334;Polypropylene;Snubber;Radial Boxed;330nF;5;Vdc;1400;27.5;image/capacitors\28163.png;Datasheet\capacitors\MMKP 386\MMKP 386.pdf;
MMKP 386;Enlarge;MMKP386 - Double Metalized Snubber;BFC238640334;Polypropylene;Snubber;Radial Boxed;330nF;10;Vdc;1400;27.5;image/capacitors\28163.png;Datasheet\capacitors\MMKP 386\MMKP 386.pdf;
MMKP 386;Enlarge;MMKP386 - Double Metalized Snubber;BFC238641334;Polypropylene;Snubber;Radial Boxed;330nF;5;Vdc;1400;27.5;image/capacitors\28163.png;Datasheet\capacitors\MMKP 386\MMKP 386.pdf;
MMKP 386;Enlarge;MMKP386 - Double Metalized Snubber;BFC238642334;Polypropylene;Snubber;Radial Boxed;330nF;10;Vdc;1400;27.5;image/capacitors\28163.png;Datasheet\capacitors\MMKP 386\MMKP 386.pdf;
MMKP 386;Enlarge;MMKP386 - Double Metalized Snubber;BFC238651334;Polypropylene;Snubber;Radial Boxed;330nF;5;Vdc;1600;27.5;image/capacitors\28163.png;Datasheet\capacitors\MMKP 386\MMKP 386.pdf;
MMKP 386;Enlarge;MMKP386 - Double Metalized Snubber;BFC238650334;Polypropylene;Snubber;Radial Boxed;330nF;10;Vdc;1600;27.5;image/capacitors\28163.png;Datasheet\capacitors\MMKP 386\MMKP 386.pdf;
MMKP 386;Enlarge;MMKP386 - Double Metalized Snubber;BFC238652334;Polypropylene;Snubber;Radial Boxed;330nF;10;Vdc;1600;27.5;image/capacitors\28163.png;Datasheet\capacitors\MMKP 386\MMKP 386.pdf;
MMKP 386;Enlarge;MMKP386 - Double Metalized Snubber;BFC238653334;Polypropylene;Snubber;Radial Boxed;330nF;5;Vdc;1600;27.5;image/capacitors\28163.png;Datasheet\capacitors\MMKP 386\MMKP 386.pdf;
MMKP 386;Enlarge;MMKP386 - Double Metalized Snubber;BFC238660334;Polypropylene;Snubber;Radial Boxed;330nF;10;Vdc;2000;27.5;image/capacitors\28163.png;Datasheet\capacitors\MMKP 386\MMKP 386.pdf;
MMKP 386;Enlarge;MMKP386 - Double Metalized Snubber;BFC238661334;Polypropylene;Snubber;Radial Boxed;330nF;5;Vdc;2000;27.5;image/capacitors\28163.png;Datasheet\capacitors\MMKP 386\MMKP 386.pdf;
MMKP 386;Enlarge;MMKP386 - Double Metalized Snubber;BFC238662334;Polypropylene;Snubber;Radial Boxed;330nF;10;Vdc;2000;27.5;image/capacitors\28163.png;Datasheet\capacitors\MMKP 386\MMKP 386.pdf;
MMKP 386;Enlarge;MMKP386 - Double Metalized Snubber;BFC238663334;Polypropylene;Snubber;Radial Boxed;330nF;5;Vdc;2000;27.5;image/capacitors\28163.png;Datasheet\capacitors\MMKP 386\MMKP 386.pdf;
MMKP 386;Enlarge;MMKP386 - Double Metalized Snubber;BFC238621334;Polypropylene;Snubber;Radial Boxed;330nF;5;Vdc;630;27.5;image/capacitors\28163.png;Datasheet\capacitors\MMKP 386\MMKP 386.pdf;
MMKP 386;Enlarge;MMKP386 - Double Metalized Snubber;BFC238622334;Polypropylene;Snubber;Radial Boxed;330nF;10;Vdc;630;27.5;image/capacitors\28163.png;Datasheet\capacitors\MMKP 386\MMKP 386.pdf;
MMKP 386;Enlarge;MMKP386 - Double Metalized Snubber;BFC238623334;Polypropylene;Snubber;Radial Boxed;330nF;5;Vdc;630;27.5;image/capacitors\28163.png;Datasheet\capacitors\MMKP 386\MMKP 386.pdf;
MMKP 386;Enlarge;MMKP386 - Double Metalized Snubber;BFC238620334;Polypropylene;Snubber;Radial Boxed;330nF;10;Vdc;630;27.5;image/capacitors\28163.png;Datasheet\capacitors\MMKP 386\MMKP 386.pdf;
MMKP 386;Enlarge;MMKP386 - Double Metalized Snubber;BFC238600334;Polypropylene;Snubber;Radial Boxed;330nF;10;Vdc;850;27.5;image/capacitors\28163.png;Datasheet\capacitors\MMKP 386\MMKP 386.pdf;
MMKP 386;Enlarge;MMKP386 - Double Metalized Snubber;BFC238602334;Polypropylene;Snubber;Radial Boxed;330nF;10;Vdc;850;27.5;image/capacitors\28163.png;Datasheet\capacitors\MMKP 386\MMKP 386.pdf;
MMKP 386;Enlarge;MMKP386 - Double Metalized Snubber;BFC238603334;Polypropylene;Snubber;Radial Boxed;330nF;5;Vdc;850;27.5;image/capacitors\28163.png;Datasheet\capacitors\MMKP 386\MMKP 386.pdf;
MMKP 386;Enlarge;MMKP386 - Double Metalized Snubber;BFC238601334;Polypropylene;Snubber;Radial Boxed;330nF;5;Vdc;850;27.5;image/capacitors\28163.png;Datasheet\capacitors\MMKP 386\MMKP 386.pdf;
MMKP 386;Enlarge;MMKP386 - Double Metalized Snubber;BFC238633394;Polypropylene;Snubber;Radial Boxed;390nF;5;Vdc;1000;27.5;image/capacitors\28163.png;Datasheet\capacitors\MMKP 386\MMKP 386.pdf;
MMKP 386;Enlarge;MMKP386 - Double Metalized Snubber;BFC238631394;Polypropylene;Snubber;Radial Boxed;390nF;5;Vdc;1000;27.5;image/capacitors\28163.png;Datasheet\capacitors\MMKP 386\MMKP 386.pdf;
MMKP 386;Enlarge;MMKP386 - Double Metalized Snubber;BFC238630394;Polypropylene;Snubber;Radial Boxed;390nF;10;Vdc;1000;27.5;image/capacitors\28163.png;Datasheet\capacitors\MMKP 386\MMKP 386.pdf;
MMKP 386;Enlarge;MMKP386 - Double Metalized Snubber;BFC238632394;Polypropylene;Snubber;Radial Boxed;390nF;10;Vdc;1000;27.5;image/capacitors\28163.png;Datasheet\capacitors\MMKP 386\MMKP 386.pdf;
MMKP 386;Enlarge;MMKP386 - Double Metalized Snubber;BFC238680394;Polypropylene;Snubber;Radial Boxed;390nF;10;Vdc;1250;27.5;image/capacitors\28163.png;Datasheet\capacitors\MMKP 386\MMKP 386.pdf;
MMKP 386;Enlarge;MMKP386 - Double Metalized Snubber;BFC238681394;Polypropylene;Snubber;Radial Boxed;390nF;5;Vdc;1250;27.5;image/capacitors\28163.png;Datasheet\capacitors\MMKP 386\MMKP 386.pdf;
MMKP 386;Enlarge;MMKP386 - Double Metalized Snubber;BFC238682394;Polypropylene;Snubber;Radial Boxed;390nF;10;Vdc;1250;27.5;image/capacitors\28163.png;Datasheet\capacitors\MMKP 386\MMKP 386.pdf;
MMKP 386;Enlarge;MMKP386 - Double Metalized Snubber;BFC238683394;Polypropylene;Snubber;Radial Boxed;390nF;5;Vdc;1250;27.5;image/capacitors\28163.png;Datasheet\capacitors\MMKP 386\MMKP 386.pdf;
MMKP 386;Enlarge;MMKP386 - Double Metalized Snubber;BFC238640394;Polypropylene;Snubber;Radial Boxed;390nF;10;Vdc;1400;27.5;image/capacitors\28163.png;Datasheet\capacitors\MMKP 386\MMKP 386.pdf;
MMKP 386;Enlarge;MMKP386 - Double Metalized Snubber;BFC238643394;Polypropylene;Snubber;Radial Boxed;390nF;5;Vdc;1400;27.5;image/capacitors\28163.png;Datasheet\capacitors\MMKP 386\MMKP 386.pdf;
MMKP 386;Enlarge;MMKP386 - Double Metalized Snubber;BFC238641394;Polypropylene;Snubber;Radial Boxed;390nF;5;Vdc;1400;27.5;image/capacitors\28163.png;Datasheet\capacitors\MMKP 386\MMKP 386.pdf;
MMKP 386;Enlarge;MMKP386 - Double Metalized Snubber;BFC238642394;Polypropylene;Snubber;Radial Boxed;390nF;10;Vdc;1400;27.5;image/capacitors\28163.png;Datasheet\capacitors\MMKP 386\MMKP 386.pdf;
MMKP 386;Enlarge;MMKP386 - Double Metalized Snubber;BFC238651394;Polypropylene;Snubber;Radial Boxed;390nF;5;Vdc;1600;27.5;image/capacitors\28163.png;Datasheet\capacitors\MMKP 386\MMKP 386.pdf;
MMKP 386;Enlarge;MMKP386 - Double Metalized Snubber;BFC238653394;Polypropylene;Snubber;Radial Boxed;390nF;5;Vdc;1600;27.5;image/capacitors\28163.png;Datasheet\capacitors\MMKP 386\MMKP 386.pdf;
MMKP 386;Enlarge;MMKP386 - Double Metalized Snubber;BFC238652394;Polypropylene;Snubber;Radial Boxed;390nF;10;Vdc;1600;27.5;image/capacitors\28163.png;Datasheet\capacitors\MMKP 386\MMKP 386.pdf;
MMKP 386;Enlarge;MMKP386 - Double Metalized Snubber;BFC238650394;Polypropylene;Snubber;Radial Boxed;390nF;10;Vdc;1600;27.5;image/capacitors\28163.png;Datasheet\capacitors\MMKP 386\MMKP 386.pdf;
MMKP 386;Enlarge;MMKP386 - Double Metalized Snubber;BFC238660394;Polypropylene;Snubber;Radial Boxed;390nF;10;Vdc;2000;27.5;image/capacitors\28163.png;Datasheet\capacitors\MMKP 386\MMKP 386.pdf;
MMKP 386;Enlarge;MMKP386 - Double Metalized Snubber;BFC238661394;Polypropylene;Snubber;Radial Boxed;390nF;5;Vdc;2000;27.5;image/capacitors\28163.png;Datasheet\capacitors\MMKP 386\MMKP 386.pdf;
MMKP 386;Enlarge;MMKP386 - Double Metalized Snubber;BFC238662394;Polypropylene;Snubber;Radial Boxed;390nF;10;Vdc;2000;27.5;image/capacitors\28163.png;Datasheet\capacitors\MMKP 386\MMKP 386.pdf;
MMKP 386;Enlarge;MMKP386 - Double Metalized Snubber;BFC238663394;Polypropylene;Snubber;Radial Boxed;390nF;5;Vdc;2000;27.5;image/capacitors\28163.png;Datasheet\capacitors\MMKP 386\MMKP 386.pdf;
MMKP 386;Enlarge;MMKP386 - Double Metalized Snubber;BFC238621394;Polypropylene;Snubber;Radial Boxed;390nF;5;Vdc;630;27.5;image/capacitors\28163.png;Datasheet\capacitors\MMKP 386\MMKP 386.pdf;
MMKP 386;Enlarge;MMKP386 - Double Metalized Snubber;BFC238623394;Polypropylene;Snubber;Radial Boxed;390nF;5;Vdc;630;27.5;image/capacitors\28163.png;Datasheet\capacitors\MMKP 386\MMKP 386.pdf;
MMKP 386;Enlarge;MMKP386 - Double Metalized Snubber;BFC238620394;Polypropylene;Snubber;Radial Boxed;390nF;10;Vdc;630;27.5;image/capacitors\28163.png;Datasheet\capacitors\MMKP 386\MMKP 386.pdf;
MMKP 386;Enlarge;MMKP386 - Double Metalized Snubber;BFC238622394;Polypropylene;Snubber;Radial Boxed;390nF;10;Vdc;630;27.5;image/capacitors\28163.png;Datasheet\capacitors\MMKP 386\MMKP 386.pdf;
MMKP 386;Enlarge;MMKP386 - Double Metalized Snubber;BFC238603394;Polypropylene;Snubber;Radial Boxed;390nF;5;Vdc;850;27.5;image/capacitors\28163.png;Datasheet\capacitors\MMKP 386\MMKP 386.pdf;
MMKP 386;Enlarge;MMKP386 - Double Metalized Snubber;BFC238600394;Polypropylene;Snubber;Radial Boxed;390nF;10;Vdc;850;27.5;image/capacitors\28163.png;Datasheet\capacitors\MMKP 386\MMKP 386.pdf;
MMKP 386;Enlarge;MMKP386 - Double Metalized Snubber;BFC238602394;Polypropylene;Snubber;Radial Boxed;390nF;10;Vdc;850;27.5;image/capacitors\28163.png;Datasheet\capacitors\MMKP 386\MMKP 386.pdf;
MMKP 386;Enlarge;MMKP386 - Double Metalized Snubber;BFC238601394;Polypropylene;Snubber;Radial Boxed;390nF;5;Vdc;850;27.5;image/capacitors\28163.png;Datasheet\capacitors\MMKP 386\MMKP 386.pdf;
MMKP 386;Enlarge;MMKP386 - Double Metalized Snubber;BFC238623475;Polypropylene;Snubber;Radial Boxed;4,7µF;5;Vdc;630;27.5;image/capacitors\28163.png;Datasheet\capacitors\MMKP 386\MMKP 386.pdf;
MMKP 386;Enlarge;MMKP386 - Double Metalized Snubber;BFC238620475;Polypropylene;Snubber;Radial Boxed;4,7µF;10;Vdc;630;27.5;image/capacitors\28163.png;Datasheet\capacitors\MMKP 386\MMKP 386.pdf;
MMKP 386;Enlarge;MMKP386 - Double Metalized Snubber;BFC238621475;Polypropylene;Snubber;Radial Boxed;4,7µF;5;Vdc;630;27.5;image/capacitors\28163.png;Datasheet\capacitors\MMKP 386\MMKP 386.pdf;
MMKP 386;Enlarge;MMKP386 - Double Metalized Snubber;BFC238622475;Polypropylene;Snubber;Radial Boxed;4,7µF;10;Vdc;630;27.5;image/capacitors\28163.png;Datasheet\capacitors\MMKP 386\MMKP 386.pdf;
MMKP 386;Enlarge;MMKP386 - Double Metalized Snubber;BFC238632474;Polypropylene;Snubber;Radial Boxed;470nF;10;Vdc;1000;27.5;image/capacitors\28163.png;Datasheet\capacitors\MMKP 386\MMKP 386.pdf;
MMKP 386;Enlarge;MMKP386 - Double Metalized Snubber;BFC238631474;Polypropylene;Snubber;Radial Boxed;470nF;5;Vdc;1000;27.5;image/capacitors\28163.png;Datasheet\capacitors\MMKP 386\MMKP 386.pdf;
MMKP 386;Enlarge;MMKP386 - Double Metalized Snubber;BFC238630474;Polypropylene;Snubber;Radial Boxed;470nF;10;Vdc;1000;27.5;image/capacitors\28163.png;Datasheet\capacitors\MMKP 386\MMKP 386.pdf;
MMKP 386;Enlarge;MMKP386 - Double Metalized Snubber;BFC238633474;Polypropylene;Snubber;Radial Boxed;470nF;5;Vdc;1000;27.5;image/capacitors\28163.png;Datasheet\capacitors\MMKP 386\MMKP 386.pdf;
MMKP 386;Enlarge;MMKP386 - Double Metalized Snubber;BFC238683474;Polypropylene;Snubber;Radial Boxed;470nF;5;Vdc;1250;27.5;image/capacitors\28163.png;Datasheet\capacitors\MMKP 386\MMKP 386.pdf;
MMKP 386;Enlarge;MMKP386 - Double Metalized Snubber;BFC238680474;Polypropylene;Snubber;Radial Boxed;470nF;10;Vdc;1250;27.5;image/capacitors\28163.png;Datasheet\capacitors\MMKP 386\MMKP 386.pdf;
MMKP 386;Enlarge;MMKP386 - Double Metalized Snubber;BFC238682474;Polypropylene;Snubber;Radial Boxed;470nF;10;Vdc;1250;27.5;image/capacitors\28163.png;Datasheet\capacitors\MMKP 386\MMKP 386.pdf;
MMKP 386;Enlarge;MMKP386 - Double Metalized Snubber;BFC238681474;Polypropylene;Snubber;Radial Boxed;470nF;5;Vdc;1250;27.5;image/capacitors\28163.png;Datasheet\capacitors\MMKP 386\MMKP 386.pdf;
MMKP 386;Enlarge;MMKP386 - Double Metalized Snubber;BFC238643474;Polypropylene;Snubber;Radial Boxed;470nF;5;Vdc;1400;27.5;image/capacitors\28163.png;Datasheet\capacitors\MMKP 386\MMKP 386.pdf;
MMKP 386;Enlarge;MMKP386 - Double Metalized Snubber;BFC238641474;Polypropylene;Snubber;Radial Boxed;470nF;5;Vdc;1400;27.5;image/capacitors\28163.png;Datasheet\capacitors\MMKP 386\MMKP 386.pdf;
MMKP 386;Enlarge;MMKP386 - Double Metalized Snubber;BFC238640474;Polypropylene;Snubber;Radial Boxed;470nF;10;Vdc;1400;27.5;image/capacitors\28163.png;Datasheet\capacitors\MMKP 386\MMKP 386.pdf;
MMKP 386;Enlarge;MMKP386 - Double Metalized Snubber;BFC238642474;Polypropylene;Snubber;Radial Boxed;470nF;10;Vdc;1400;27.5;image/capacitors\28163.png;Datasheet\capacitors\MMKP 386\MMKP 386.pdf;
MMKP 386;Enlarge;MMKP386 - Double Metalized Snubber;BFC238652474;Polypropylene;Snubber;Radial Boxed;470nF;10;Vdc;1600;27.5;image/capacitors\28163.png;Datasheet\capacitors\MMKP 386\MMKP 386.pdf;
MMKP 386;Enlarge;MMKP386 - Double Metalized Snubber;BFC238650474;Polypropylene;Snubber;Radial Boxed;470nF;10;Vdc;1600;27.5;image/capacitors\28163.png;Datasheet\capacitors\MMKP 386\MMKP 386.pdf;
MMKP 386;Enlarge;MMKP386 - Double Metalized Snubber;BFC238651474;Polypropylene;Snubber;Radial Boxed;470nF;5;Vdc;1600;27.5;image/capacitors\28163.png;Datasheet\capacitors\MMKP 386\MMKP 386.pdf;
MMKP 386;Enlarge;MMKP386 - Double Metalized Snubber;BFC238653474;Polypropylene;Snubber;Radial Boxed;470nF;5;Vdc;1600;27.5;image/capacitors\28163.png;Datasheet\capacitors\MMKP 386\MMKP 386.pdf;
MMKP 386;Enlarge;MMKP386 - Double Metalized Snubber;BFC238662474;Polypropylene;Snubber;Radial Boxed;470nF;10;Vdc;2000;27.5;image/capacitors\28163.png;Datasheet\capacitors\MMKP 386\MMKP 386.pdf;
MMKP 386;Enlarge;MMKP386 - Double Metalized Snubber;BFC238661474;Polypropylene;Snubber;Radial Boxed;470nF;5;Vdc;2000;27.5;image/capacitors\28163.png;Datasheet\capacitors\MMKP 386\MMKP 386.pdf;
MMKP 386;Enlarge;MMKP386 - Double Metalized Snubber;BFC238660474;Polypropylene;Snubber;Radial Boxed;470nF;10;Vdc;2000;27.5;image/capacitors\28163.png;Datasheet\capacitors\MMKP 386\MMKP 386.pdf;
MMKP 386;Enlarge;MMKP386 - Double Metalized Snubber;BFC238663474;Polypropylene;Snubber;Radial Boxed;470nF;5;Vdc;2000;27.5;image/capacitors\28163.png;Datasheet\capacitors\MMKP 386\MMKP 386.pdf;
MMKP 386;Enlarge;MMKP386 - Double Metalized Snubber;BFC238621474;Polypropylene;Snubber;Radial Boxed;470nF;5;Vdc;630;27.5;image/capacitors\28163.png;Datasheet\capacitors\MMKP 386\MMKP 386.pdf;
MMKP 386;Enlarge;MMKP386 - Double Metalized Snubber;BFC238623474;Polypropylene;Snubber;Radial Boxed;470nF;5;Vdc;630;27.5;image/capacitors\28163.png;Datasheet\capacitors\MMKP 386\MMKP 386.pdf;
MMKP 386;Enlarge;MMKP386 - Double Metalized Snubber;BFC238620474;Polypropylene;Snubber;Radial Boxed;470nF;10;Vdc;630;27.5;image/capacitors\28163.png;Datasheet\capacitors\MMKP 386\MMKP 386.pdf;
MMKP 386;Enlarge;MMKP386 - Double Metalized Snubber;BFC238622474;Polypropylene;Snubber;Radial Boxed;470nF;10;Vdc;630;27.5;image/capacitors\28163.png;Datasheet\capacitors\MMKP 386\MMKP 386.pdf;
MMKP 386;Enlarge;MMKP386 - Double Metalized Snubber;BFC238601474;Polypropylene;Snubber;Radial Boxed;470nF;5;Vdc;850;27.5;image/capacitors\28163.png;Datasheet\capacitors\MMKP 386\MMKP 386.pdf;
MMKP 386;Enlarge;MMKP386 - Double Metalized Snubber;BFC238602474;Polypropylene;Snubber;Radial Boxed;470nF;10;Vdc;850;27.5;image/capacitors\28163.png;Datasheet\capacitors\MMKP 386\MMKP 386.pdf;
MMKP 386;Enlarge;MMKP386 - Double Metalized Snubber;BFC238600474;Polypropylene;Snubber;Radial Boxed;470nF;10;Vdc;850;27.5;image/capacitors\28163.png;Datasheet\capacitors\MMKP 386\MMKP 386.pdf;
MMKP 386;Enlarge;MMKP386 - Double Metalized Snubber;BFC238603474;Polypropylene;Snubber;Radial Boxed;470nF;5;Vdc;850;27.5;image/capacitors\28163.png;Datasheet\capacitors\MMKP 386\MMKP 386.pdf;
MMKP 386;Enlarge;MMKP386 - Double Metalized Snubber;BFC238633564;Polypropylene;Snubber;Radial Boxed;560nF;5;Vdc;1000;27.5;image/capacitors\28163.png;Datasheet\capacitors\MMKP 386\MMKP 386.pdf;
MMKP 386;Enlarge;MMKP386 - Double Metalized Snubber;BFC238632564;Polypropylene;Snubber;Radial Boxed;560nF;10;Vdc;1000;27.5;image/capacitors\28163.png;Datasheet\capacitors\MMKP 386\MMKP 386.pdf;
MMKP 386;Enlarge;MMKP386 - Double Metalized Snubber;BFC238631564;Polypropylene;Snubber;Radial Boxed;560nF;5;Vdc;1000;27.5;image/capacitors\28163.png;Datasheet\capacitors\MMKP 386\MMKP 386.pdf;
MMKP 386;Enlarge;MMKP386 - Double Metalized Snubber;BFC238630564;Polypropylene;Snubber;Radial Boxed;560nF;10;Vdc;1000;27.5;image/capacitors\28163.png;Datasheet\capacitors\MMKP 386\MMKP 386.pdf;
MMKP 386;Enlarge;MMKP386 - Double Metalized Snubber;BFC238680564;Polypropylene;Snubber;Radial Boxed;560nF;10;Vdc;1250;27.5;image/capacitors\28163.png;Datasheet\capacitors\MMKP 386\MMKP 386.pdf;
MMKP 386;Enlarge;MMKP386 - Double Metalized Snubber;BFC238681564;Polypropylene;Snubber;Radial Boxed;560nF;5;Vdc;1250;27.5;image/capacitors\28163.png;Datasheet\capacitors\MMKP 386\MMKP 386.pdf;
MMKP 386;Enlarge;MMKP386 - Double Metalized Snubber;BFC238682564;Polypropylene;Snubber;Radial Boxed;560nF;10;Vdc;1250;27.5;image/capacitors\28163.png;Datasheet\capacitors\MMKP 386\MMKP 386.pdf;
MMKP 386;Enlarge;MMKP386 - Double Metalized Snubber;BFC238683564;Polypropylene;Snubber;Radial Boxed;560nF;5;Vdc;1250;27.5;image/capacitors\28163.png;Datasheet\capacitors\MMKP 386\MMKP 386.pdf;
MMKP 386;Enlarge;MMKP386 - Double Metalized Snubber;BFC238642564;Polypropylene;Snubber;Radial Boxed;560nF;10;Vdc;1400;27.5;image/capacitors\28163.png;Datasheet\capacitors\MMKP 386\MMKP 386.pdf;
MMKP 386;Enlarge;MMKP386 - Double Metalized Snubber;BFC238641564;Polypropylene;Snubber;Radial Boxed;560nF;5;Vdc;1400;27.5;image/capacitors\28163.png;Datasheet\capacitors\MMKP 386\MMKP 386.pdf;
MMKP 386;Enlarge;MMKP386 - Double Metalized Snubber;BFC238640564;Polypropylene;Snubber;Radial Boxed;560nF;10;Vdc;1400;27.5;image/capacitors\28163.png;Datasheet\capacitors\MMKP 386\MMKP 386.pdf;
MMKP 386;Enlarge;MMKP386 - Double Metalized Snubber;BFC238643564;Polypropylene;Snubber;Radial Boxed;560nF;5;Vdc;1400;27.5;image/capacitors\28163.png;Datasheet\capacitors\MMKP 386\MMKP 386.pdf;
MMKP 386;Enlarge;MMKP386 - Double Metalized Snubber;BFC238652564;Polypropylene;Snubber;Radial Boxed;560nF;10;Vdc;1600;27.5;image/capacitors\28163.png;Datasheet\capacitors\MMKP 386\MMKP 386.pdf;
MMKP 386;Enlarge;MMKP386 - Double Metalized Snubber;BFC238653564;Polypropylene;Snubber;Radial Boxed;560nF;5;Vdc;1600;27.5;image/capacitors\28163.png;Datasheet\capacitors\MMKP 386\MMKP 386.pdf;
MMKP 386;Enlarge;MMKP386 - Double Metalized Snubber;BFC238650564;Polypropylene;Snubber;Radial Boxed;560nF;10;Vdc;1600;27.5;image/capacitors\28163.png;Datasheet\capacitors\MMKP 386\MMKP 386.pdf;
MMKP 386;Enlarge;MMKP386 - Double Metalized Snubber;BFC238651564;Polypropylene;Snubber;Radial Boxed;560nF;5;Vdc;1600;27.5;image/capacitors\28163.png;Datasheet\capacitors\MMKP 386\MMKP 386.pdf;
MMKP 386;Enlarge;MMKP386 - Double Metalized Snubber;BFC238621564;Polypropylene;Snubber;Radial Boxed;560nF;5;Vdc;630;27.5;image/capacitors\28163.png;Datasheet\capacitors\MMKP 386\MMKP 386.pdf;
MMKP 386;Enlarge;MMKP386 - Double Metalized Snubber;BFC238622564;Polypropylene;Snubber;Radial Boxed;560nF;10;Vdc;630;27.5;image/capacitors\28163.png;Datasheet\capacitors\MMKP 386\MMKP 386.pdf;
MMKP 386;Enlarge;MMKP386 - Double Metalized Snubber;BFC238623564;Polypropylene;Snubber;Radial Boxed;560nF;5;Vdc;630;27.5;image/capacitors\28163.png;Datasheet\capacitors\MMKP 386\MMKP 386.pdf;
MMKP 386;Enlarge;MMKP386 - Double Metalized Snubber;BFC238620564;Polypropylene;Snubber;Radial Boxed;560nF;10;Vdc;630;27.5;image/capacitors\28163.png;Datasheet\capacitors\MMKP 386\MMKP 386.pdf;
MMKP 386;Enlarge;MMKP386 - Double Metalized Snubber;BFC238602564;Polypropylene;Snubber;Radial Boxed;560nF;10;Vdc;850;27.5;image/capacitors\28163.png;Datasheet\capacitors\MMKP 386\MMKP 386.pdf;
MMKP 386;Enlarge;MMKP386 - Double Metalized Snubber;BFC238600564;Polypropylene;Snubber;Radial Boxed;560nF;10;Vdc;850;27.5;image/capacitors\28163.png;Datasheet\capacitors\MMKP 386\MMKP 386.pdf;
MMKP 386;Enlarge;MMKP386 - Double Metalized Snubber;BFC238603564;Polypropylene;Snubber;Radial Boxed;560nF;5;Vdc;850;27.5;image/capacitors\28163.png;Datasheet\capacitors\MMKP 386\MMKP 386.pdf;
MMKP 386;Enlarge;MMKP386 - Double Metalized Snubber;BFC238601564;Polypropylene;Snubber;Radial Boxed;560nF;5;Vdc;850;27.5;image/capacitors\28163.png;Datasheet\capacitors\MMKP 386\MMKP 386.pdf;
MMKP 386;Enlarge;MMKP386 - Double Metalized Snubber;BFC238632684;Polypropylene;Snubber;Radial Boxed;680nF;10;Vdc;1000;27.5;image/capacitors\28163.png;Datasheet\capacitors\MMKP 386\MMKP 386.pdf;
MMKP 386;Enlarge;MMKP386 - Double Metalized Snubber;BFC238633684;Polypropylene;Snubber;Radial Boxed;680nF;5;Vdc;1000;27.5;image/capacitors\28163.png;Datasheet\capacitors\MMKP 386\MMKP 386.pdf;
MMKP 386;Enlarge;MMKP386 - Double Metalized Snubber;BFC238630684;Polypropylene;Snubber;Radial Boxed;680nF;10;Vdc;1000;27.5;image/capacitors\28163.png;Datasheet\capacitors\MMKP 386\MMKP 386.pdf;
MMKP 386;Enlarge;MMKP386 - Double Metalized Snubber;BFC238631684;Polypropylene;Snubber;Radial Boxed;680nF;5;Vdc;1000;27.5;image/capacitors\28163.png;Datasheet\capacitors\MMKP 386\MMKP 386.pdf;
MMKP 386;Enlarge;MMKP386 - Double Metalized Snubber;BFC238681684;Polypropylene;Snubber;Radial Boxed;680nF;5;Vdc;1250;27.5;image/capacitors\28163.png;Datasheet\capacitors\MMKP 386\MMKP 386.pdf;
MMKP 386;Enlarge;MMKP386 - Double Metalized Snubber;BFC238682684;Polypropylene;Snubber;Radial Boxed;680nF;10;Vdc;1250;27.5;image/capacitors\28163.png;Datasheet\capacitors\MMKP 386\MMKP 386.pdf;
MMKP 386;Enlarge;MMKP386 - Double Metalized Snubber;BFC238680684;Polypropylene;Snubber;Radial Boxed;680nF;10;Vdc;1250;27.5;image/capacitors\28163.png;Datasheet\capacitors\MMKP 386\MMKP 386.pdf;
MMKP 386;Enlarge;MMKP386 - Double Metalized Snubber;BFC238683684;Polypropylene;Snubber;Radial Boxed;680nF;5;Vdc;1250;27.5;image/capacitors\28163.png;Datasheet\capacitors\MMKP 386\MMKP 386.pdf;
MMKP 386;Enlarge;MMKP386 - Double Metalized Snubber;BFC238643684;Polypropylene;Snubber;Radial Boxed;680nF;5;Vdc;1400;27.5;image/capacitors\28163.png;Datasheet\capacitors\MMKP 386\MMKP 386.pdf;
MMKP 386;Enlarge;MMKP386 - Double Metalized Snubber;BFC238642684;Polypropylene;Snubber;Radial Boxed;680nF;10;Vdc;1400;27.5;image/capacitors\28163.png;Datasheet\capacitors\MMKP 386\MMKP 386.pdf;
MMKP 386;Enlarge;MMKP386 - Double Metalized Snubber;BFC238641684;Polypropylene;Snubber;Radial Boxed;680nF;5;Vdc;1400;27.5;image/capacitors\28163.png;Datasheet\capacitors\MMKP 386\MMKP 386.pdf;
MMKP 386;Enlarge;MMKP386 - Double Metalized Snubber;BFC238640684;Polypropylene;Snubber;Radial Boxed;680nF;10;Vdc;1400;27.5;image/capacitors\28163.png;Datasheet\capacitors\MMKP 386\MMKP 386.pdf;
MMKP 386;Enlarge;MMKP386 - Double Metalized Snubber;BFC238620684;Polypropylene;Snubber;Radial Boxed;680nF;10;Vdc;630;27.5;image/capacitors\28163.png;Datasheet\capacitors\MMKP 386\MMKP 386.pdf;
MMKP 386;Enlarge;MMKP386 - Double Metalized Snubber;BFC238623684;Polypropylene;Snubber;Radial Boxed;680nF;5;Vdc;630;27.5;image/capacitors\28163.png;Datasheet\capacitors\MMKP 386\MMKP 386.pdf;
MMKP 386;Enlarge;MMKP386 - Double Metalized Snubber;BFC238621684;Polypropylene;Snubber;Radial Boxed;680nF;5;Vdc;630;27.5;image/capacitors\28163.png;Datasheet\capacitors\MMKP 386\MMKP 386.pdf;
MMKP 386;Enlarge;MMKP386 - Double Metalized Snubber;BFC238622684;Polypropylene;Snubber;Radial Boxed;680nF;10;Vdc;630;27.5;image/capacitors\28163.png;Datasheet\capacitors\MMKP 386\MMKP 386.pdf;
MMKP 386;Enlarge;MMKP386 - Double Metalized Snubber;BFC238600684;Polypropylene;Snubber;Radial Boxed;680nF;10;Vdc;850;27.5;image/capacitors\28163.png;Datasheet\capacitors\MMKP 386\MMKP 386.pdf;
MMKP 386;Enlarge;MMKP386 - Double Metalized Snubber;BFC238601684;Polypropylene;Snubber;Radial Boxed;680nF;5;Vdc;850;27.5;image/capacitors\28163.png;Datasheet\capacitors\MMKP 386\MMKP 386.pdf;
MMKP 386;Enlarge;MMKP386 - Double Metalized Snubber;BFC238603684;Polypropylene;Snubber;Radial Boxed;680nF;5;Vdc;850;27.5;image/capacitors\28163.png;Datasheet\capacitors\MMKP 386\MMKP 386.pdf;
MMKP 386;Enlarge;MMKP386 - Double Metalized Snubber;BFC238602684;Polypropylene;Snubber;Radial Boxed;680nF;10;Vdc;850;27.5;image/capacitors\28163.png;Datasheet\capacitors\MMKP 386\MMKP 386.pdf;
MMKP 386;Enlarge;MMKP386 - Double Metalized Snubber;BFC238632824;Polypropylene;Snubber;Radial Boxed;820nF;10;Vdc;1000;27.5;image/capacitors\28163.png;Datasheet\capacitors\MMKP 386\MMKP 386.pdf;
MMKP 386;Enlarge;MMKP386 - Double Metalized Snubber;BFC238630824;Polypropylene;Snubber;Radial Boxed;820nF;10;Vdc;1000;27.5;image/capacitors\28163.png;Datasheet\capacitors\MMKP 386\MMKP 386.pdf;
MMKP 386;Enlarge;MMKP386 - Double Metalized Snubber;BFC238633824;Polypropylene;Snubber;Radial Boxed;820nF;5;Vdc;1000;27.5;image/capacitors\28163.png;Datasheet\capacitors\MMKP 386\MMKP 386.pdf;
MMKP 386;Enlarge;MMKP386 - Double Metalized Snubber;BFC238631824;Polypropylene;Snubber;Radial Boxed;820nF;5;Vdc;1000;27.5;image/capacitors\28163.png;Datasheet\capacitors\MMKP 386\MMKP 386.pdf;
MMKP 386;Enlarge;MMKP386 - Double Metalized Snubber;BFC238681824;Polypropylene;Snubber;Radial Boxed;820nF;5;Vdc;1250;27.5;image/capacitors\28163.png;Datasheet\capacitors\MMKP 386\MMKP 386.pdf;
MMKP 386;Enlarge;MMKP386 - Double Metalized Snubber;BFC238683824;Polypropylene;Snubber;Radial Boxed;820nF;5;Vdc;1250;27.5;image/capacitors\28163.png;Datasheet\capacitors\MMKP 386\MMKP 386.pdf;
MMKP 386;Enlarge;MMKP386 - Double Metalized Snubber;BFC238682824;Polypropylene;Snubber;Radial Boxed;820nF;10;Vdc;1250;27.5;image/capacitors\28163.png;Datasheet\capacitors\MMKP 386\MMKP 386.pdf;
MMKP 386;Enlarge;MMKP386 - Double Metalized Snubber;BFC238680824;Polypropylene;Snubber;Radial Boxed;820nF;10;Vdc;1250;27.5;image/capacitors\28163.png;Datasheet\capacitors\MMKP 386\MMKP 386.pdf;
MMKP 386;Enlarge;MMKP386 - Double Metalized Snubber;BFC238622824;Polypropylene;Snubber;Radial Boxed;820nF;10;Vdc;630;27.5;image/capacitors\28163.png;Datasheet\capacitors\MMKP 386\MMKP 386.pdf;
MMKP 386;Enlarge;MMKP386 - Double Metalized Snubber;BFC238620824;Polypropylene;Snubber;Radial Boxed;820nF;10;Vdc;630;27.5;image/capacitors\28163.png;Datasheet\capacitors\MMKP 386\MMKP 386.pdf;
MMKP 386;Enlarge;MMKP386 - Double Metalized Snubber;BFC238621824;Polypropylene;Snubber;Radial Boxed;820nF;5;Vdc;630;27.5;image/capacitors\28163.png;Datasheet\capacitors\MMKP 386\MMKP 386.pdf;
MMKP 386;Enlarge;MMKP386 - Double Metalized Snubber;BFC238623824;Polypropylene;Snubber;Radial Boxed;820nF;5;Vdc;630;27.5;image/capacitors\28163.png;Datasheet\capacitors\MMKP 386\MMKP 386.pdf;
MMKP 386;Enlarge;MMKP386 - Double Metalized Snubber;BFC238603824;Polypropylene;Snubber;Radial Boxed;820nF;5;Vdc;850;27.5;image/capacitors\28163.png;Datasheet\capacitors\MMKP 386\MMKP 386.pdf;
MMKP 386;Enlarge;MMKP386 - Double Metalized Snubber;BFC238601824;Polypropylene;Snubber;Radial Boxed;820nF;5;Vdc;850;27.5;image/capacitors\28163.png;Datasheet\capacitors\MMKP 386\MMKP 386.pdf;
MMKP 386;Enlarge;MMKP386 - Double Metalized Snubber;BFC238602824;Polypropylene;Snubber;Radial Boxed;820nF;10;Vdc;850;27.5;image/capacitors\28163.png;Datasheet\capacitors\MMKP 386\MMKP 386.pdf;
MMKP 386;Enlarge;MMKP386 - Double Metalized Snubber;BFC238600824;Polypropylene;Snubber;Radial Boxed;820nF;10;Vdc;850;27.5;image/capacitors\28163.png;Datasheet\capacitors\MMKP 386\MMKP 386.pdf;
