Series;Product Image;Technology;Mounting;Construction;Capacitance;Voltage(V);ESR(mΩ);Case Size(mm);Image path;Datasheet part;3d model part
T54;Enlarge;Polymer;SMD, molded;SMD, molded;450 µF;30.0;50;;image/capacitors\40212.png;Datasheet\capacitors\T54\T54.pdf;Datasheet\capacitors\T54\T54.zip
T54;Enlarge;Polymer;SMD, molded;SMD, molded;45 µF;63.0;35;;image/capacitors\40212.png;Datasheet\capacitors\T54\T54.pdf;Datasheet\capacitors\T54\T54.zip
T54;Enlarge;Polymer;SMD, molded;SMD, molded;660 µF;16.0;9;;image/capacitors\40212.png;Datasheet\capacitors\T54\T54.pdf;Datasheet\capacitors\T54\T54.zip
T54;Enlarge;Polymer;SMD, molded;SMD, molded;450 µF;35.0;34;;image/capacitors\40212.png;Datasheet\capacitors\T54\T54.pdf;Datasheet\capacitors\T54\T54.zip
T54;Enlarge;Polymer;SMD, molded;SMD, molded;470 µF;16.0;25;;image/capacitors\40212.png;Datasheet\capacitors\T54\T54.pdf;Datasheet\capacitors\T54\T54.zip
T54;Enlarge;Polymer;SMD, molded;SMD, molded;140 µF;50.0;35;;image/capacitors\40212.png;Datasheet\capacitors\T54\T54.pdf;Datasheet\capacitors\T54\T54.zip
T54;Enlarge;Polymer;SMD, molded;SMD, molded;22 µF;63.0;100;;image/capacitors\40212.png;Datasheet\capacitors\T54\T54.pdf;Datasheet\capacitors\T54\T54.zip
T54;Enlarge;Polymer;SMD, molded;SMD, molded;190 µF;35.0;14;;image/capacitors\40212.png;Datasheet\capacitors\T54\T54.pdf;Datasheet\capacitors\T54\T54.zip
T54;Enlarge;Polymer;SMD, molded;SMD, molded;66 µF;75.0;35;;image/capacitors\40212.png;Datasheet\capacitors\T54\T54.pdf;Datasheet\capacitors\T54\T54.zip
T54;Enlarge;Polymer;SMD, molded;SMD, molded;1.9 mF;16.0;5;;image/capacitors\40212.png;Datasheet\capacitors\T54\T54.pdf;Datasheet\capacitors\T54\T54.zip
T54;Enlarge;Polymer;SMD, molded;SMD, molded;150 µF;35.0;50;;image/capacitors\40212.png;Datasheet\capacitors\T54\T54.pdf;Datasheet\capacitors\T54\T54.zip
T54;Enlarge;Polymer;SMD, molded;SMD, molded;95 µF;35.0;35;;image/capacitors\40212.png;Datasheet\capacitors\T54\T54.pdf;Datasheet\capacitors\T54\T54.zip
T54;Enlarge;Polymer;SMD, molded;SMD, molded;30 µF;75.0;50;;image/capacitors\40212.png;Datasheet\capacitors\T54\T54.pdf;Datasheet\capacitors\T54\T54.zip
T54;Enlarge;Polymer;SMD, molded;SMD, molded;1.3 mF;16.0;5;;image/capacitors\40212.png;Datasheet\capacitors\T54\T54.pdf;Datasheet\capacitors\T54\T54.zip
T54;Enlarge;Polymer;SMD, molded;SMD, molded;45 µF;50.0;50;;image/capacitors\40212.png;Datasheet\capacitors\T54\T54.pdf;Datasheet\capacitors\T54\T54.zip
T54;Enlarge;Polymer;SMD, molded;SMD, molded;450 µF;30.0;25;;image/capacitors\40212.png;Datasheet\capacitors\T54\T54.pdf;Datasheet\capacitors\T54\T54.zip
T54;Enlarge;Polymer;SMD, molded;SMD, molded;60 µF;63.0;25;;image/capacitors\40212.png;Datasheet\capacitors\T54\T54.pdf;Datasheet\capacitors\T54\T54.zip
T54;Enlarge;Polymer;SMD, molded;SMD, molded;900 µF;16.0;7;;image/capacitors\40212.png;Datasheet\capacitors\T54\T54.pdf;Datasheet\capacitors\T54\T54.zip
T54;Enlarge;Polymer;SMD, molded;SMD, molded;450 µF;35.0;17;;image/capacitors\40212.png;Datasheet\capacitors\T54\T54.pdf;Datasheet\capacitors\T54\T54.zip
T54;Enlarge;Polymer;SMD, molded;SMD, molded;150 µF;30.0;150;;image/capacitors\40212.png;Datasheet\capacitors\T54\T54.pdf;Datasheet\capacitors\T54\T54.zip
T54;Enlarge;Polymer;SMD, molded;SMD, molded;190 µF;50.0;25;;image/capacitors\40212.png;Datasheet\capacitors\T54\T54.pdf;Datasheet\capacitors\T54\T54.zip
T54;Enlarge;Polymer;SMD, molded;SMD, molded;15 µF;75.0;100;;image/capacitors\40212.png;Datasheet\capacitors\T54\T54.pdf;Datasheet\capacitors\T54\T54.zip
T54;Enlarge;Polymer;SMD, molded;SMD, molded;280 µF;35.0;12;;image/capacitors\40212.png;Datasheet\capacitors\T54\T54.pdf;Datasheet\capacitors\T54\T54.zip
T54;Enlarge;Polymer;SMD, molded;SMD, molded;90 µF;75.0;25;;image/capacitors\40212.png;Datasheet\capacitors\T54\T54.pdf;Datasheet\capacitors\T54\T54.zip
T54;Enlarge;Polymer;SMD, molded;SMD, molded;2 mF;16.0;5;;image/capacitors\40212.png;Datasheet\capacitors\T54\T54.pdf;Datasheet\capacitors\T54\T54.zip
T54;Enlarge;Polymer;SMD, molded;SMD, molded;22 µF;50.0;100;;image/capacitors\40212.png;Datasheet\capacitors\T54\T54.pdf;Datasheet\capacitors\T54\T54.zip
T54;Enlarge;Polymer;SMD, molded;SMD, molded;95 µF;35.0;28;;image/capacitors\40212.png;Datasheet\capacitors\T54\T54.pdf;Datasheet\capacitors\T54\T54.zip
T54;Enlarge;Polymer;SMD, molded;SMD, molded;45 µF;75.0;50;;image/capacitors\40212.png;Datasheet\capacitors\T54\T54.pdf;Datasheet\capacitors\T54\T54.zip
T54;Enlarge;Polymer;SMD, molded;SMD, molded;66 µF;50.0;35;;image/capacitors\40212.png;Datasheet\capacitors\T54\T54.pdf;Datasheet\capacitors\T54\T54.zip
T54;Enlarge;Polymer;SMD, molded;SMD, molded;600 µF;30.0;38;;image/capacitors\40212.png;Datasheet\capacitors\T54\T54.pdf;Datasheet\capacitors\T54\T54.zip
T54;Enlarge;Polymer;SMD, molded;SMD, molded;66 µF;63.0;35;;image/capacitors\40212.png;Datasheet\capacitors\T54\T54.pdf;Datasheet\capacitors\T54\T54.zip
T54;Enlarge;Polymer;SMD, molded;SMD, molded;940 µF;16.0;13;;image/capacitors\40212.png;Datasheet\capacitors\T54\T54.pdf;Datasheet\capacitors\T54\T54.zip
T54;Enlarge;Polymer;SMD, molded;SMD, molded;600 µF;35.0;25;;image/capacitors\40212.png;Datasheet\capacitors\T54\T54.pdf;Datasheet\capacitors\T54\T54.zip
T54;Enlarge;Polymer;SMD, molded;SMD, molded;150 µF;30.0;75;;image/capacitors\40212.png;Datasheet\capacitors\T54\T54.pdf;Datasheet\capacitors\T54\T54.zip
T54;Enlarge;Polymer;SMD, molded;SMD, molded;280 µF;50.0;17;;image/capacitors\40212.png;Datasheet\capacitors\T54\T54.pdf;Datasheet\capacitors\T54\T54.zip
T54;Enlarge;Polymer;SMD, molded;SMD, molded;22 µF;75.0;100;;image/capacitors\40212.png;Datasheet\capacitors\T54\T54.pdf;Datasheet\capacitors\T54\T54.zip
T54;Enlarge;Polymer;SMD, molded;SMD, molded;280 µF;35.0;10;;image/capacitors\40212.png;Datasheet\capacitors\T54\T54.pdf;Datasheet\capacitors\T54\T54.zip
T54;Enlarge;Polymer;SMD, molded;SMD, molded;90 µF;75.0;17;;image/capacitors\40212.png;Datasheet\capacitors\T54\T54.pdf;Datasheet\capacitors\T54\T54.zip
T54;Enlarge;Polymer;SMD, molded;SMD, molded;2.8 mF;16.0;5;;image/capacitors\40212.png;Datasheet\capacitors\T54\T54.pdf;Datasheet\capacitors\T54\T54.zip
T54;Enlarge;Polymer;SMD, molded;SMD, molded;95 µF;50.0;50;;image/capacitors\40212.png;Datasheet\capacitors\T54\T54.pdf;Datasheet\capacitors\T54\T54.zip
T54;Enlarge;Polymer;SMD, molded;SMD, molded;47 µF;50.0;100;;image/capacitors\40212.png;Datasheet\capacitors\T54\T54.pdf;Datasheet\capacitors\T54\T54.zip
T54;Enlarge;Polymer;SMD, molded;SMD, molded;140 µF;35.0;25;;image/capacitors\40212.png;Datasheet\capacitors\T54\T54.pdf;Datasheet\capacitors\T54\T54.zip
T54;Enlarge;Polymer;SMD, molded;SMD, molded;45 µF;75.0;35;;image/capacitors\40212.png;Datasheet\capacitors\T54\T54.pdf;Datasheet\capacitors\T54\T54.zip
T54;Enlarge;Polymer;SMD, molded;SMD, molded;1.4 mF;16.0;9;;image/capacitors\40212.png;Datasheet\capacitors\T54\T54.pdf;Datasheet\capacitors\T54\T54.zip
T54;Enlarge;Polymer;SMD, molded;SMD, molded;600 µF;30.0;20;;image/capacitors\40212.png;Datasheet\capacitors\T54\T54.pdf;Datasheet\capacitors\T54\T54.zip
T54;Enlarge;Polymer;SMD, molded;SMD, molded;90 µF;63.0;25;;image/capacitors\40212.png;Datasheet\capacitors\T54\T54.pdf;Datasheet\capacitors\T54\T54.zip
T54;Enlarge;Polymer;SMD, molded;SMD, molded;940 µF;16.0;10;;image/capacitors\40212.png;Datasheet\capacitors\T54\T54.pdf;Datasheet\capacitors\T54\T54.zip
T54;Enlarge;Polymer;SMD, molded;SMD, molded;600 µF;35.0;13;;image/capacitors\40212.png;Datasheet\capacitors\T54\T54.pdf;Datasheet\capacitors\T54\T54.zip
T54;Enlarge;Polymer;SMD, molded;SMD, molded;150 µF;30.0;50;;image/capacitors\40212.png;Datasheet\capacitors\T54\T54.pdf;Datasheet\capacitors\T54\T54.zip
T54;Enlarge;Polymer;SMD, molded;SMD, molded;300 µF;30.0;75;;image/capacitors\40212.png;Datasheet\capacitors\T54\T54.pdf;Datasheet\capacitors\T54\T54.zip
T54;Enlarge;Polymer;SMD, molded;SMD, molded;30 µF;63.0;50;;image/capacitors\40212.png;Datasheet\capacitors\T54\T54.pdf;Datasheet\capacitors\T54\T54.zip
T54;Enlarge;Polymer;SMD, molded;SMD, molded;450 µF;16.0;13;;image/capacitors\40212.png;Datasheet\capacitors\T54\T54.pdf;Datasheet\capacitors\T54\T54.zip
T54;Enlarge;Polymer;SMD, molded;SMD, molded;300 µF;35.0;50;;image/capacitors\40212.png;Datasheet\capacitors\T54\T54.pdf;Datasheet\capacitors\T54\T54.zip
T54;Enlarge;Polymer;SMD, molded;SMD, molded;220 µF;16.0;25;;image/capacitors\40212.png;Datasheet\capacitors\T54\T54.pdf;Datasheet\capacitors\T54\T54.zip
T54;Enlarge;Polymer;SMD, molded;SMD, molded;130 µF;75.0;17;;image/capacitors\40212.png;Datasheet\capacitors\T54\T54.pdf;Datasheet\capacitors\T54\T54.zip
T54;Enlarge;Polymer;SMD, molded;SMD, molded;90 µF;50.0;25;;image/capacitors\40212.png;Datasheet\capacitors\T54\T54.pdf;Datasheet\capacitors\T54\T54.zip
T54;Enlarge;Polymer;SMD, molded;SMD, molded;47 µF;50.0;70;;image/capacitors\40212.png;Datasheet\capacitors\T54\T54.pdf;Datasheet\capacitors\T54\T54.zip
T54;Enlarge;Polymer;SMD, molded;SMD, molded;140 µF;35.0;18;;image/capacitors\40212.png;Datasheet\capacitors\T54\T54.pdf;Datasheet\capacitors\T54\T54.zip
T54;Enlarge;Polymer;SMD, molded;SMD, molded;1.4 mF;16.0;7;;image/capacitors\40212.png;Datasheet\capacitors\T54\T54.pdf;Datasheet\capacitors\T54\T54.zip
T54;Enlarge;Polymer;SMD, molded;SMD, molded;900 µF;30.0;25;;image/capacitors\40212.png;Datasheet\capacitors\T54\T54.pdf;Datasheet\capacitors\T54\T54.zip
T54;Enlarge;Polymer;SMD, molded;SMD, molded;90 µF;63.0;17;;image/capacitors\40212.png;Datasheet\capacitors\T54\T54.pdf;Datasheet\capacitors\T54\T54.zip
T54;Enlarge;Polymer;SMD, molded;SMD, molded;990 µF;16.0;9;;image/capacitors\40212.png;Datasheet\capacitors\T54\T54.pdf;Datasheet\capacitors\T54\T54.zip
T54;Enlarge;Polymer;SMD, molded;SMD, molded;900 µF;35.0;17;;image/capacitors\40212.png;Datasheet\capacitors\T54\T54.pdf;Datasheet\capacitors\T54\T54.zip
T54;Enlarge;Polymer;SMD, molded;SMD, molded;47 µF;35.0;70;;image/capacitors\40212.png;Datasheet\capacitors\T54\T54.pdf;Datasheet\capacitors\T54\T54.zip
T54;Enlarge;Polymer;SMD, molded;SMD, molded;300 µF;30.0;38;;image/capacitors\40212.png;Datasheet\capacitors\T54\T54.pdf;Datasheet\capacitors\T54\T54.zip
T54;Enlarge;Polymer;SMD, molded;SMD, molded;45 µF;63.0;50;;image/capacitors\40212.png;Datasheet\capacitors\T54\T54.pdf;Datasheet\capacitors\T54\T54.zip
T54;Enlarge;Polymer;SMD, molded;SMD, molded;660 µF;16.0;13;;image/capacitors\40212.png;Datasheet\capacitors\T54\T54.pdf;Datasheet\capacitors\T54\T54.zip
T54;Enlarge;Polymer;SMD, molded;SMD, molded;300 µF;35.0;25;;image/capacitors\40212.png;Datasheet\capacitors\T54\T54.pdf;Datasheet\capacitors\T54\T54.zip
T54;Enlarge;Polymer;SMD, molded;SMD, molded;330 µF;16.0;25;;image/capacitors\40212.png;Datasheet\capacitors\T54\T54.pdf;Datasheet\capacitors\T54\T54.zip
T54;Enlarge;Polymer;SMD, molded;SMD, molded;130 µF;50.0;17;;image/capacitors\40212.png;Datasheet\capacitors\T54\T54.pdf;Datasheet\capacitors\T54\T54.zip
T54;Enlarge;Polymer;SMD, molded;SMD, molded;15 µF;63.0;100;;image/capacitors\40212.png;Datasheet\capacitors\T54\T54.pdf;Datasheet\capacitors\T54\T54.zip
T54;Enlarge;Polymer;SMD, molded;SMD, molded;190 µF;35.0;18;;image/capacitors\40212.png;Datasheet\capacitors\T54\T54.pdf;Datasheet\capacitors\T54\T54.zip
T54;Enlarge;Polymer;SMD, molded;SMD, molded;60 µF;75.0;25;;image/capacitors\40212.png;Datasheet\capacitors\T54\T54.pdf;Datasheet\capacitors\T54\T54.zip
T54;Enlarge;Polymer;SMD, molded;SMD, molded;1.9 mF;16.0;7;;image/capacitors\40212.png;Datasheet\capacitors\T54\T54.pdf;Datasheet\capacitors\T54\T54.zip
T54;Enlarge;Polymer;SMD, molded;SMD, molded;150 µF;35.0;100;;image/capacitors\40212.png;Datasheet\capacitors\T54\T54.pdf;Datasheet\capacitors\T54\T54.zip
T54;Enlarge;Polymer;SMD, molded;SMD, molded;900 µF;30.0;13;;image/capacitors\40212.png;Datasheet\capacitors\T54\T54.pdf;Datasheet\capacitors\T54\T54.zip
T54;Enlarge;Polymer;SMD, molded;SMD, molded;130 µF;63.0;17;;image/capacitors\40212.png;Datasheet\capacitors\T54\T54.pdf;Datasheet\capacitors\T54\T54.zip
T54;Enlarge;Polymer;SMD, molded;SMD, molded;1.3 mF;16.0;7;;image/capacitors\40212.png;Datasheet\capacitors\T54\T54.pdf;Datasheet\capacitors\T54\T54.zip
T54;Enlarge;Polymer;SMD, molded;SMD, molded;900 µF;35.0;9;;image/capacitors\40212.png;Datasheet\capacitors\T54\T54.pdf;Datasheet\capacitors\T54\T54.zip
